TimecardID,WorkDate,StaffName,ShiftName,CheckIn,CheckOut
1001,2026-06-11,Dương Thị Nga,Ca Đêm,22:00:00,06:00:00
1002,2026-06-12,Lý Văn Oai,Ca Sáng,07:56:00,16:06:00
1003,2026-06-13,Mai Thị Phúc,Ca Chiều,15:53:00,00:02:00
1004,2026-06-14,Đoàn Văn Quân,Ca Đêm,22:00:00,06:00:00
1005,2026-06-15,Nguyễn Văn An,Ca Sáng,07:54:00,16:07:00
1006,2026-06-16,Trần Thị Bình,Ca Chiều,15:52:00,00:12:00
1007,2026-06-17,Lê Văn Cường,Ca Đêm,22:00:00,06:00:00
1008,2026-06-18,Phạm Thị Dung,Ca Sáng,07:55:00,16:04:00
1009,2026-06-19,Hoàng Văn Em,Ca Chiều,15:50:00,00:13:00
1010,2026-06-20,Vũ Thị Phương,Ca Đêm,22:00:00,06:00:00
1011,2026-06-21,Đặng Văn Hùng,Ca Sáng,07:47:00,16:02:00
1012,2026-06-22,Bùi Thị Hoa,Ca Chiều,15:52:00,00:13:00
1013,2026-06-23,Đỗ Văn Kiên,Ca Đêm,22:00:00,06:00:00
1014,2026-06-24,Hồ Thị Linh,Ca Sáng,07:45:00,16:00:00
1015,2026-06-25,Ngô Văn Minh,Ca Chiều,15:58:00,00:10:00
1016,2026-06-26,Dương Thị Nga,Ca Đêm,22:00:00,06:00:00
1017,2026-06-27,Lý Văn Oai,Ca Sáng,07:49:00,16:02:00
1018,2026-06-28,Mai Thị Phúc,Ca Chiều,15:53:00,00:02:00
1019,2026-06-29,Đoàn Văn Quân,Ca Đêm,22:00:00,06:00:00
1020,2026-05-31,Nguyễn Văn An,Ca Sáng,07:51:00,16:06:00
1021,2026-06-01,Trần Thị Bình,Ca Chiều,15:53:00,00:00:00
1022,2026-06-02,Lê Văn Cường,Ca Đêm,22:00:00,06:00:00
1023,2026-06-03,Phạm Thị Dung,Ca Sáng,07:55:00,16:02:00
1024,2026-06-04,Hoàng Văn Em,Ca Chiều,15:51:00,00:11:00
1025,2026-06-05,Vũ Thị Phương,Ca Đêm,22:00:00,06:00:00
1026,2026-06-06,Đặng Văn Hùng,Ca Sáng,07:52:00,16:06:00
1027,2026-06-07,Bùi Thị Hoa,Ca Chiều,15:55:00,00:10:00
1028,2026-06-08,Đỗ Văn Kiên,Ca Đêm,22:00:00,06:00:00
1029,2026-06-09,Hồ Thị Linh,Ca Sáng,07:48:00,16:05:00
1030,2026-06-10,Ngô Văn Minh,Ca Chiều,15:59:00,00:10:00
1031,2026-06-11,Dương Thị Nga,Ca Đêm,22:00:00,06:00:00
1032,2026-06-12,Lý Văn Oai,Ca Sáng,07:53:00,16:06:00
1033,2026-06-13,Mai Thị Phúc,Ca Chiều,15:54:00,00:15:00
1034,2026-06-14,Đoàn Văn Quân,Ca Đêm,22:00:00,06:00:00
1035,2026-06-15,Nguyễn Văn An,Ca Sáng,07:57:00,16:10:00
1036,2026-06-16,Trần Thị Bình,Ca Chiều,15:51:00,00:13:00
1037,2026-06-17,Lê Văn Cường,Ca Đêm,22:00:00,06:00:00
1038,2026-06-18,Phạm Thị Dung,Ca Sáng,07:47:00,16:02:00
1039,2026-06-19,Hoàng Văn Em,Ca Chiều,15:57:00,00:11:00
1040,2026-06-20,Vũ Thị Phương,Ca Đêm,22:00:00,06:00:00
1041,2026-06-21,Đặng Văn Hùng,Ca Sáng,07:47:00,16:05:00
1042,2026-06-22,Bùi Thị Hoa,Ca Chiều,15:51:00,00:10:00
1043,2026-06-23,Đỗ Văn Kiên,Ca Đêm,22:00:00,06:00:00
1044,2026-06-24,Hồ Thị Linh,Ca Sáng,07:47:00,16:06:00
1045,2026-06-25,Ngô Văn Minh,Ca Chiều,15:56:00,00:07:00
1046,2026-06-26,Dương Thị Nga,Ca Đêm,22:00:00,06:00:00
1047,2026-06-27,Lý Văn Oai,Ca Sáng,07:55:00,16:07:00
1048,2026-06-28,Mai Thị Phúc,Ca Chiều,15:56:00,00:07:00
1049,2026-06-29,Đoàn Văn Quân,Ca Đêm,22:00:00,06:00:00
1050,2026-05-31,Nguyễn Văn An,Ca Sáng,07:59:00,
1051,2026-06-01,Trần Thị Bình,Ca Chiều,15:58:00,00:11:00
1052,2026-06-02,Lê Văn Cường,Ca Đêm,22:00:00,06:00:00
1053,2026-06-03,Phạm Thị Dung,Ca Sáng,07:58:00,16:01:00
1054,2026-06-04,Hoàng Văn Em,Ca Chiều,15:56:00,00:06:00
1055,2026-06-05,Vũ Thị Phương,Ca Đêm,22:00:00,06:00:00
1056,2026-06-06,Đặng Văn Hùng,Ca Sáng,07:54:00,16:08:00
1057,2026-06-07,Bùi Thị Hoa,Ca Chiều,15:54:00,00:14:00
1058,2026-06-08,Đỗ Văn Kiên,Ca Đêm,22:00:00,06:00:00
1059,2026-06-09,Hồ Thị Linh,Ca Sáng,07:45:00,16:06:00
1060,2026-06-10,Ngô Văn Minh,Ca Chiều,15:54:00,00:14:00
1061,2026-06-11,Dương Thị Nga,Ca Đêm,22:00:00,06:00:00
1062,2026-06-12,Lý Văn Oai,Ca Sáng,07:45:00,16:04:00
1063,2026-06-13,Mai Thị Phúc,Ca Chiều,15:54:00,00:11:00
1064,2026-06-14,Đoàn Văn Quân,Ca Đêm,22:00:00,06:00:00
1065,2026-06-15,Nguyễn Văn An,Ca Sáng,07:48:00,16:01:00
1066,2026-06-16,Trần Thị Bình,Ca Chiều,15:54:00,00:13:00
1067,2026-06-17,Lê Văn Cường,Ca Đêm,22:00:00,06:00:00
1068,2026-06-18,Phạm Thị Dung,Ca Sáng,07:58:00,16:07:00
1069,2026-06-19,Hoàng Văn Em,Ca Chiều,15:51:00,00:08:00
1070,2026-06-20,Vũ Thị Phương,Ca Đêm,22:00:00,06:00:00
1071,2026-06-21,Đặng Văn Hùng,Ca Sáng,07:51:00,16:05:00
1072,2026-06-22,Bùi Thị Hoa,Ca Chiều,15:56:00,00:01:00
1073,2026-06-23,Đỗ Văn Kiên,Ca Đêm,22:00:00,06:00:00
1074,2026-06-24,Hồ Thị Linh,Ca Sáng,07:51:00,16:04:00
1075,2026-06-25,Ngô Văn Minh,Ca Chiều,15:59:00,00:09:00
1076,2026-06-26,Dương Thị Nga,Ca Đêm,22:00:00,06:00:00
1077,2026-06-27,Lý Văn Oai,Ca Sáng,07:46:00,16:05:00
1078,2026-06-28,Mai Thị Phúc,Ca Chiều,15:55:00,00:12:00
1079,2026-06-29,Đoàn Văn Quân,Ca Đêm,22:00:00,06:00:00
1080,2026-05-31,Nguyễn Văn An,Ca Sáng,07:49:00,16:09:00
1081,2026-06-01,Trần Thị Bình,Ca Chiều,15:52:00,00:08:00
1082,2026-06-02,Lê Văn Cường,Ca Đêm,22:00:00,06:00:00
1083,2026-06-03,Phạm Thị Dung,Ca Sáng,07:49:00,16:08:00
1084,2026-06-04,Hoàng Văn Em,Ca Chiều,15:56:00,00:11:00
1085,2026-06-05,Vũ Thị Phương,Ca Đêm,22:00:00,06:00:00
1086,2026-06-06,Đặng Văn Hùng,Ca Sáng,07:52:00,16:01:00
1087,2026-06-07,Bùi Thị Hoa,Ca Chiều,15:57:00,00:00:00
1088,2026-06-08,Đỗ Văn Kiên,Ca Đêm,22:00:00,06:00:00
1089,2026-06-09,Hồ Thị Linh,Ca Sáng,07:57:00,16:06:00
1090,2026-06-10,Ngô Văn Minh,Ca Chiều,15:55:00,00:06:00
1091,2026-06-11,Dương Thị Nga,Ca Đêm,22:00:00,06:00:00
1092,2026-06-12,Lý Văn Oai,Ca Sáng,07:50:00,16:02:00
1093,2026-06-13,Mai Thị Phúc,Ca Chiều,15:57:00,00:06:00
1094,2026-06-14,Đoàn Văn Quân,Ca Đêm,22:00:00,06:00:00
1095,2026-06-15,Nguyễn Văn An,Ca Sáng,07:56:00,16:07:00
1096,2026-06-16,Trần Thị Bình,Ca Chiều,15:56:00,00:09:00
1097,2026-06-17,Lê Văn Cường,Ca Đêm,22:00:00,06:00:00
1098,2026-06-18,Phạm Thị Dung,Ca Sáng,07:58:00,16:10:00
1099,2026-06-19,Hoàng Văn Em,Ca Chiều,15:56:00,00:15:00
1100,2026-06-20,Vũ Thị Phương,Ca Đêm,22:00:00,
1101,2026-06-21,Đặng Văn Hùng,Ca Sáng,07:56:00,16:05:00
1102,2026-06-22,Bùi Thị Hoa,Ca Chiều,15:59:00,00:06:00
1103,2026-06-23,Đỗ Văn Kiên,Ca Đêm,22:00:00,06:00:00
1104,2026-06-24,Hồ Thị Linh,Ca Sáng,07:50:00,16:05:00
1105,2026-06-25,Ngô Văn Minh,Ca Chiều,15:57:00,00:00:00
1106,2026-06-26,Dương Thị Nga,Ca Đêm,22:00:00,06:00:00
1107,2026-06-27,Lý Văn Oai,Ca Sáng,07:52:00,16:05:00
1108,2026-06-28,Mai Thị Phúc,Ca Chiều,15:59:00,00:04:00
1109,2026-06-29,Đoàn Văn Quân,Ca Đêm,22:00:00,06:00:00
1110,2026-05-31,Nguyễn Văn An,Ca Sáng,07:58:00,16:03:00
1111,2026-06-01,Trần Thị Bình,Ca Chiều,15:58:00,00:01:00
1112,2026-06-02,Lê Văn Cường,Ca Đêm,22:00:00,06:00:00
1113,2026-06-03,Phạm Thị Dung,Ca Sáng,07:53:00,16:07:00
1114,2026-06-04,Hoàng Văn Em,Ca Chiều,15:59:00,00:07:00
1115,2026-06-05,Vũ Thị Phương,Ca Đêm,22:00:00,06:00:00
1116,2026-06-06,Đặng Văn Hùng,Ca Sáng,07:51:00,16:04:00
1117,2026-06-07,Bùi Thị Hoa,Ca Chiều,15:52:00,00:02:00
1118,2026-06-08,Đỗ Văn Kiên,Ca Đêm,22:00:00,06:00:00
1119,2026-06-09,Hồ Thị Linh,Ca Sáng,07:54:00,16:05:00
1120,2026-06-10,Ngô Văn Minh,Ca Chiều,15:57:00,00:08:00
1121,2026-06-11,Dương Thị Nga,Ca Đêm,22:00:00,06:00:00
1122,2026-06-12,Lý Văn Oai,Ca Sáng,07:50:00,16:07:00
1123,2026-06-13,Mai Thị Phúc,Ca Chiều,15:57:00,00:03:00
1124,2026-06-14,Đoàn Văn Quân,Ca Đêm,22:00:00,06:00:00
1125,2026-06-15,Nguyễn Văn An,Ca Sáng,07:46:00,16:09:00
1126,2026-06-16,Trần Thị Bình,Ca Chiều,15:55:00,00:04:00
1127,2026-06-17,Lê Văn Cường,Ca Đêm,22:00:00,06:00:00
1128,2026-06-18,Phạm Thị Dung,Ca Sáng,07:57:00,16:00:00
1129,2026-06-19,Hoàng Văn Em,Ca Chiều,15:58:00,00:00:00
1130,2026-06-20,Vũ Thị Phương,Ca Đêm,22:00:00,06:00:00
1131,2026-06-21,Đặng Văn Hùng,Ca Sáng,07:46:00,16:09:00
1132,2026-06-22,Bùi Thị Hoa,Ca Chiều,15:55:00,00:01:00
1133,2026-06-23,Đỗ Văn Kiên,Ca Đêm,22:00:00,06:00:00
1134,2026-06-24,Hồ Thị Linh,Ca Sáng,07:57:00,16:03:00
1135,2026-06-25,Ngô Văn Minh,Ca Chiều,15:56:00,00:00:00
1136,2026-06-26,Dương Thị Nga,Ca Đêm,22:00:00,06:00:00
1137,2026-06-27,Lý Văn Oai,Ca Sáng,07:53:00,16:04:00
1138,2026-06-28,Mai Thị Phúc,Ca Chiều,15:55:00,00:06:00
1139,2026-06-29,Đoàn Văn Quân,Ca Đêm,22:00:00,06:00:00
1140,2026-05-31,Nguyễn Văn An,Ca Sáng,07:48:00,16:01:00
1141,2026-06-01,Trần Thị Bình,Ca Chiều,15:52:00,00:15:00
1142,2026-06-02,Lê Văn Cường,Ca Đêm,22:00:00,06:00:00
1143,2026-06-03,Phạm Thị Dung,Ca Sáng,07:50:00,16:00:00
1144,2026-06-04,Hoàng Văn Em,Ca Chiều,15:59:00,00:11:00
1145,2026-06-05,Vũ Thị Phương,Ca Đêm,22:00:00,06:00:00
1146,2026-06-06,Đặng Văn Hùng,Ca Sáng,07:57:00,16:09:00
1147,2026-06-07,Bùi Thị Hoa,Ca Chiều,15:50:00,00:15:00
1148,2026-06-08,Đỗ Văn Kiên,Ca Đêm,22:00:00,06:00:00
1149,2026-06-09,Hồ Thị Linh,Ca Sáng,07:46:00,16:06:00
1150,2026-06-10,Ngô Văn Minh,Ca Chiều,15:52:00,
1151,2026-06-11,Dương Thị Nga,Ca Đêm,22:00:00,06:00:00
1152,2026-06-12,Lý Văn Oai,Ca Sáng,07:48:00,16:04:00
1153,2026-06-13,Mai Thị Phúc,Ca Chiều,15:53:00,00:14:00
1154,2026-06-14,Đoàn Văn Quân,Ca Đêm,22:00:00,06:00:00
1155,2026-06-15,Nguyễn Văn An,Ca Sáng,07:48:00,16:03:00
1156,2026-06-16,Trần Thị Bình,Ca Chiều,15:59:00,00:14:00
1157,2026-06-17,Lê Văn Cường,Ca Đêm,22:00:00,06:00:00
1158,2026-06-18,Phạm Thị Dung,Ca Sáng,07:49:00,16:09:00
1159,2026-06-19,Hoàng Văn Em,Ca Chiều,15:52:00,00:04:00
1160,2026-06-20,Vũ Thị Phương,Ca Đêm,22:00:00,06:00:00
1161,2026-06-21,Đặng Văn Hùng,Ca Sáng,07:56:00,16:00:00
1162,2026-06-22,Bùi Thị Hoa,Ca Chiều,15:53:00,00:15:00
1163,2026-06-23,Đỗ Văn Kiên,Ca Đêm,22:00:00,06:00:00
1164,2026-06-24,Hồ Thị Linh,Ca Sáng,07:50:00,16:06:00
1165,2026-06-25,Ngô Văn Minh,Ca Chiều,15:51:00,00:03:00
1166,2026-06-26,Dương Thị Nga,Ca Đêm,22:00:00,06:00:00
1167,2026-06-27,Lý Văn Oai,Ca Sáng,07:53:00,16:05:00
1168,2026-06-28,Mai Thị Phúc,Ca Chiều,15:51:00,00:01:00
1169,2026-06-29,Đoàn Văn Quân,Ca Đêm,22:00:00,06:00:00
1170,2026-05-31,Nguyễn Văn An,Ca Sáng,07:56:00,16:01:00
1171,2026-06-01,Trần Thị Bình,Ca Chiều,15:59:00,00:04:00
1172,2026-06-02,Lê Văn Cường,Ca Đêm,22:00:00,06:00:00
1173,2026-06-03,Phạm Thị Dung,Ca Sáng,07:48:00,16:07:00
1174,2026-06-04,Hoàng Văn Em,Ca Chiều,15:52:00,00:03:00
1175,2026-06-05,Vũ Thị Phương,Ca Đêm,22:00:00,06:00:00
1176,2026-06-06,Đặng Văn Hùng,Ca Sáng,07:45:00,16:02:00
1177,2026-06-07,Bùi Thị Hoa,Ca Chiều,15:52:00,00:06:00
1178,2026-06-08,Đỗ Văn Kiên,Ca Đêm,22:00:00,06:00:00
1179,2026-06-09,Hồ Thị Linh,Ca Sáng,07:47:00,16:01:00
1180,2026-06-10,Ngô Văn Minh,Ca Chiều,15:50:00,00:12:00
1181,2026-06-11,Dương Thị Nga,Ca Đêm,22:00:00,06:00:00
1182,2026-06-12,Lý Văn Oai,Ca Sáng,07:58:00,16:10:00
1183,2026-06-13,Mai Thị Phúc,Ca Chiều,15:52:00,00:01:00
1184,2026-06-14,Đoàn Văn Quân,Ca Đêm,22:00:00,06:00:00
1185,2026-06-15,Nguyễn Văn An,Ca Sáng,07:46:00,16:02:00
1186,2026-06-16,Trần Thị Bình,Ca Chiều,15:52:00,00:14:00
1187,2026-06-17,Lê Văn Cường,Ca Đêm,22:00:00,06:00:00
1188,2026-06-18,Phạm Thị Dung,Ca Sáng,07:54:00,16:08:00
1189,2026-06-19,Hoàng Văn Em,Ca Chiều,15:58:00,00:15:00
1190,2026-06-20,Vũ Thị Phương,Ca Đêm,22:00:00,06:00:00
1191,2026-06-21,Đặng Văn Hùng,Ca Sáng,07:58:00,16:02:00
1192,2026-06-22,Bùi Thị Hoa,Ca Chiều,15:57:00,00:01:00
1193,2026-06-23,Đỗ Văn Kiên,Ca Đêm,22:00:00,06:00:00
1194,2026-06-24,Hồ Thị Linh,Ca Sáng,07:52:00,16:09:00
1195,2026-06-25,Ngô Văn Minh,Ca Chiều,15:50:00,00:14:00
1196,2026-06-26,Dương Thị Nga,Ca Đêm,22:00:00,06:00:00
1197,2026-06-27,Lý Văn Oai,Ca Sáng,07:56:00,16:02:00
1198,2026-06-28,Mai Thị Phúc,Ca Chiều,15:58:00,00:11:00
1199,2026-06-29,Đoàn Văn Quân,Ca Đêm,22:00:00,06:00:00
1200,2026-05-31,Nguyễn Văn An,Ca Sáng,07:54:00,
1201,2026-06-01,Trần Thị Bình,Ca Chiều,15:52:00,00:09:00
1202,2026-06-02,Lê Văn Cường,Ca Đêm,22:00:00,06:00:00
1203,2026-06-03,Phạm Thị Dung,Ca Sáng,07:55:00,16:10:00
1204,2026-06-04,Hoàng Văn Em,Ca Chiều,15:50:00,00:02:00
1205,2026-06-05,Vũ Thị Phương,Ca Đêm,22:00:00,06:00:00
1206,2026-06-06,Đặng Văn Hùng,Ca Sáng,07:50:00,16:03:00
1207,2026-06-07,Bùi Thị Hoa,Ca Chiều,15:50:00,00:14:00
1208,2026-06-08,Đỗ Văn Kiên,Ca Đêm,22:00:00,06:00:00
1209,2026-06-09,Hồ Thị Linh,Ca Sáng,07:46:00,16:05:00
1210,2026-06-10,Ngô Văn Minh,Ca Chiều,15:50:00,00:01:00
1211,2026-06-11,Dương Thị Nga,Ca Đêm,22:00:00,06:00:00
1212,2026-06-12,Lý Văn Oai,Ca Sáng,07:45:00,16:07:00
1213,2026-06-13,Mai Thị Phúc,Ca Chiều,15:50:00,00:12:00
1214,2026-06-14,Đoàn Văn Quân,Ca Đêm,22:00:00,06:00:00
1215,2026-06-15,Nguyễn Văn An,Ca Sáng,07:50:00,16:09:00
1216,2026-06-16,Trần Thị Bình,Ca Chiều,15:50:00,00:14:00
1217,2026-06-17,Lê Văn Cường,Ca Đêm,22:00:00,06:00:00
1218,2026-06-18,Phạm Thị Dung,Ca Sáng,07:53:00,16:10:00
1219,2026-06-19,Hoàng Văn Em,Ca Chiều,15:56:00,00:03:00
1220,2026-06-20,Vũ Thị Phương,Ca Đêm,22:00:00,06:00:00
1221,2026-06-21,Đặng Văn Hùng,Ca Sáng,07:48:00,16:09:00
1222,2026-06-22,Bùi Thị Hoa,Ca Chiều,15:53:00,00:12:00
1223,2026-06-23,Đỗ Văn Kiên,Ca Đêm,22:00:00,06:00:00
1224,2026-06-24,Hồ Thị Linh,Ca Sáng,07:45:00,16:09:00
1225,2026-06-25,Ngô Văn Minh,Ca Chiều,15:59:00,00:06:00
1226,2026-06-26,Dương Thị Nga,Ca Đêm,22:00:00,06:00:00
1227,2026-06-27,Lý Văn Oai,Ca Sáng,07:55:00,16:06:00
1228,2026-06-28,Mai Thị Phúc,Ca Chiều,15:59:00,00:09:00
1229,2026-06-29,Đoàn Văn Quân,Ca Đêm,22:00:00,06:00:00
1230,2026-05-31,Nguyễn Văn An,Ca Sáng,07:54:00,16:01:00
1231,2026-06-01,Trần Thị Bình,Ca Chiều,15:52:00,00:14:00
1232,2026-06-02,Lê Văn Cường,Ca Đêm,22:00:00,06:00:00
1233,2026-06-03,Phạm Thị Dung,Ca Sáng,07:51:00,16:08:00
1234,2026-06-04,Hoàng Văn Em,Ca Chiều,15:57:00,00:01:00
1235,2026-06-05,Vũ Thị Phương,Ca Đêm,22:00:00,06:00:00
1236,2026-06-06,Đặng Văn Hùng,Ca Sáng,07:57:00,16:03:00
1237,2026-06-07,Bùi Thị Hoa,Ca Chiều,15:59:00,00:12:00
1238,2026-06-08,Đỗ Văn Kiên,Ca Đêm,22:00:00,06:00:00
1239,2026-06-09,Hồ Thị Linh,Ca Sáng,07:57:00,16:00:00
1240,2026-06-10,Ngô Văn Minh,Ca Chiều,15:52:00,00:07:00
1241,2026-06-11,Dương Thị Nga,Ca Đêm,22:00:00,06:00:00
1242,2026-06-12,Lý Văn Oai,Ca Sáng,07:57:00,16:01:00
1243,2026-06-13,Mai Thị Phúc,Ca Chiều,15:59:00,00:03:00
1244,2026-06-14,Đoàn Văn Quân,Ca Đêm,22:00:00,06:00:00
1245,2026-06-15,Nguyễn Văn An,Ca Sáng,07:57:00,16:10:00
1246,2026-06-16,Trần Thị Bình,Ca Chiều,15:55:00,00:06:00
1247,2026-06-17,Lê Văn Cường,Ca Đêm,22:00:00,06:00:00
1248,2026-06-18,Phạm Thị Dung,Ca Sáng,07:59:00,16:04:00
1249,2026-06-19,Hoàng Văn Em,Ca Chiều,15:51:00,00:02:00
1250,2026-06-20,Vũ Thị Phương,Ca Đêm,22:00:00,
1251,2026-06-21,Đặng Văn Hùng,Ca Sáng,07:48:00,16:09:00
1252,2026-06-22,Bùi Thị Hoa,Ca Chiều,15:56:00,00:06:00
1253,2026-06-23,Đỗ Văn Kiên,Ca Đêm,22:00:00,06:00:00
1254,2026-06-24,Hồ Thị Linh,Ca Sáng,07:59:00,16:10:00
1255,2026-06-25,Ngô Văn Minh,Ca Chiều,15:57:00,00:15:00
1256,2026-06-26,Dương Thị Nga,Ca Đêm,22:00:00,06:00:00
1257,2026-06-27,Lý Văn Oai,Ca Sáng,07:53:00,16:01:00
1258,2026-06-28,Mai Thị Phúc,Ca Chiều,15:58:00,00:07:00
1259,2026-06-29,Đoàn Văn Quân,Ca Đêm,22:00:00,06:00:00
1260,2026-05-31,Nguyễn Văn An,Ca Sáng,07:47:00,16:08:00
1261,2026-06-01,Trần Thị Bình,Ca Chiều,15:51:00,00:13:00
1262,2026-06-02,Lê Văn Cường,Ca Đêm,22:00:00,06:00:00
1263,2026-06-03,Phạm Thị Dung,Ca Sáng,07:58:00,16:06:00
1264,2026-06-04,Hoàng Văn Em,Ca Chiều,15:59:00,00:15:00
1265,2026-06-05,Vũ Thị Phương,Ca Đêm,22:00:00,06:00:00
1266,2026-06-06,Đặng Văn Hùng,Ca Sáng,07:50:00,16:08:00
1267,2026-06-07,Bùi Thị Hoa,Ca Chiều,15:59:00,00:01:00
1268,2026-06-08,Đỗ Văn Kiên,Ca Đêm,22:00:00,06:00:00
1269,2026-06-09,Hồ Thị Linh,Ca Sáng,07:51:00,16:05:00
1270,2026-06-10,Ngô Văn Minh,Ca Chiều,15:52:00,00:05:00
1271,2026-06-11,Dương Thị Nga,Ca Đêm,22:00:00,06:00:00
1272,2026-06-12,Lý Văn Oai,Ca Sáng,07:46:00,16:02:00
1273,2026-06-13,Mai Thị Phúc,Ca Chiều,15:54:00,00:00:00
1274,2026-06-14,Đoàn Văn Quân,Ca Đêm,22:00:00,06:00:00
1275,2026-06-15,Nguyễn Văn An,Ca Sáng,07:51:00,16:06:00
1276,2026-06-16,Trần Thị Bình,Ca Chiều,15:58:00,00:03:00
1277,2026-06-17,Lê Văn Cường,Ca Đêm,22:00:00,06:00:00
1278,2026-06-18,Phạm Thị Dung,Ca Sáng,07:46:00,16:09:00
1279,2026-06-19,Hoàng Văn Em,Ca Chiều,15:56:00,00:02:00
1280,2026-06-20,Vũ Thị Phương,Ca Đêm,22:00:00,06:00:00
1281,2026-06-21,Đặng Văn Hùng,Ca Sáng,07:50:00,16:10:00
1282,2026-06-22,Bùi Thị Hoa,Ca Chiều,15:50:00,00:07:00
1283,2026-06-23,Đỗ Văn Kiên,Ca Đêm,22:00:00,06:00:00
1284,2026-06-24,Hồ Thị Linh,Ca Sáng,07:48:00,16:06:00
1285,2026-06-25,Ngô Văn Minh,Ca Chiều,15:54:00,00:15:00
1286,2026-06-26,Dương Thị Nga,Ca Đêm,22:00:00,06:00:00
1287,2026-06-27,Lý Văn Oai,Ca Sáng,07:46:00,16:03:00
1288,2026-06-28,Mai Thị Phúc,Ca Chiều,15:56:00,00:09:00
1289,2026-06-29,Đoàn Văn Quân,Ca Đêm,22:00:00,06:00:00
1290,2026-05-31,Nguyễn Văn An,Ca Sáng,07:51:00,16:02:00
1291,2026-06-01,Trần Thị Bình,Ca Chiều,15:57:00,00:05:00
1292,2026-06-02,Lê Văn Cường,Ca Đêm,22:00:00,06:00:00
1293,2026-06-03,Phạm Thị Dung,Ca Sáng,07:45:00,16:07:00
1294,2026-06-04,Hoàng Văn Em,Ca Chiều,15:59:00,00:14:00
1295,2026-06-05,Vũ Thị Phương,Ca Đêm,22:00:00,06:00:00
1296,2026-06-06,Đặng Văn Hùng,Ca Sáng,07:50:00,16:09:00
1297,2026-06-07,Bùi Thị Hoa,Ca Chiều,15:53:00,00:10:00
1298,2026-06-08,Đỗ Văn Kiên,Ca Đêm,22:00:00,06:00:00
1299,2026-06-09,Hồ Thị Linh,Ca Sáng,07:52:00,16:03:00
1300,2026-06-10,Ngô Văn Minh,Ca Chiều,15:52:00,
1301,2026-06-11,Dương Thị Nga,Ca Đêm,22:00:00,06:00:00
1302,2026-06-12,Lý Văn Oai,Ca Sáng,07:48:00,16:06:00
1303,2026-06-13,Mai Thị Phúc,Ca Chiều,15:56:00,00:01:00
1304,2026-06-14,Đoàn Văn Quân,Ca Đêm,22:00:00,06:00:00
1305,2026-06-15,Nguyễn Văn An,Ca Sáng,07:56:00,16:00:00
1306,2026-06-16,Trần Thị Bình,Ca Chiều,15:57:00,00:13:00
1307,2026-06-17,Lê Văn Cường,Ca Đêm,22:00:00,06:00:00
1308,2026-06-18,Phạm Thị Dung,Ca Sáng,07:53:00,16:00:00
1309,2026-06-19,Hoàng Văn Em,Ca Chiều,15:50:00,00:03:00
1310,2026-06-20,Vũ Thị Phương,Ca Đêm,22:00:00,06:00:00
1311,2026-06-21,Đặng Văn Hùng,Ca Sáng,07:48:00,16:09:00
1312,2026-06-22,Bùi Thị Hoa,Ca Chiều,15:52:00,00:08:00
1313,2026-06-23,Đỗ Văn Kiên,Ca Đêm,22:00:00,06:00:00
1314,2026-06-24,Hồ Thị Linh,Ca Sáng,07:59:00,16:05:00
1315,2026-06-25,Ngô Văn Minh,Ca Chiều,15:56:00,00:12:00
1316,2026-06-26,Dương Thị Nga,Ca Đêm,22:00:00,06:00:00
1317,2026-06-27,Lý Văn Oai,Ca Sáng,07:53:00,16:03:00
1318,2026-06-28,Mai Thị Phúc,Ca Chiều,15:52:00,00:14:00
1319,2026-06-29,Đoàn Văn Quân,Ca Đêm,22:00:00,06:00:00
1320,2026-05-31,Nguyễn Văn An,Ca Sáng,07:48:00,16:01:00
1321,2026-06-01,Trần Thị Bình,Ca Chiều,15:50:00,00:02:00
1322,2026-06-02,Lê Văn Cường,Ca Đêm,22:00:00,06:00:00
1323,2026-06-03,Phạm Thị Dung,Ca Sáng,07:49:00,16:08:00
1324,2026-06-04,Hoàng Văn Em,Ca Chiều,15:58:00,00:11:00
1325,2026-06-05,Vũ Thị Phương,Ca Đêm,22:00:00,06:00:00
1326,2026-06-06,Đặng Văn Hùng,Ca Sáng,07:53:00,16:07:00
1327,2026-06-07,Bùi Thị Hoa,Ca Chiều,15:55:00,00:12:00
1328,2026-06-08,Đỗ Văn Kiên,Ca Đêm,22:00:00,06:00:00
1329,2026-06-09,Hồ Thị Linh,Ca Sáng,07:54:00,16:05:00
1330,2026-06-10,Ngô Văn Minh,Ca Chiều,15:51:00,00:14:00
1331,2026-06-11,Dương Thị Nga,Ca Đêm,22:00:00,06:00:00
1332,2026-06-12,Lý Văn Oai,Ca Sáng,07:58:00,16:10:00
1333,2026-06-13,Mai Thị Phúc,Ca Chiều,15:58:00,00:09:00
1334,2026-06-14,Đoàn Văn Quân,Ca Đêm,22:00:00,06:00:00
1335,2026-06-15,Nguyễn Văn An,Ca Sáng,07:49:00,16:02:00
1336,2026-06-16,Trần Thị Bình,Ca Chiều,15:59:00,00:14:00
1337,2026-06-17,Lê Văn Cường,Ca Đêm,22:00:00,06:00:00
1338,2026-06-18,Phạm Thị Dung,Ca Sáng,07:48:00,16:03:00
1339,2026-06-19,Hoàng Văn Em,Ca Chiều,15:51:00,00:13:00
1340,2026-06-20,Vũ Thị Phương,Ca Đêm,22:00:00,06:00:00
1341,2026-06-21,Đặng Văn Hùng,Ca Sáng,07:59:00,16:05:00
1342,2026-06-22,Bùi Thị Hoa,Ca Chiều,15:52:00,00:12:00
1343,2026-06-23,Đỗ Văn Kiên,Ca Đêm,22:00:00,06:00:00
1344,2026-06-24,Hồ Thị Linh,Ca Sáng,07:45:00,16:01:00
1345,2026-06-25,Ngô Văn Minh,Ca Chiều,15:55:00,00:11:00
1346,2026-06-26,Dương Thị Nga,Ca Đêm,22:00:00,06:00:00
1347,2026-06-27,Lý Văn Oai,Ca Sáng,07:47:00,16:00:00
1348,2026-06-28,Mai Thị Phúc,Ca Chiều,15:55:00,00:09:00
1349,2026-06-29,Đoàn Văn Quân,Ca Đêm,22:00:00,06:00:00
1350,2026-05-31,Nguyễn Văn An,Ca Sáng,07:47:00,
1351,2026-06-01,Trần Thị Bình,Ca Chiều,15:53:00,00:07:00
1352,2026-06-02,Lê Văn Cường,Ca Đêm,22:00:00,06:00:00
1353,2026-06-03,Phạm Thị Dung,Ca Sáng,07:45:00,16:00:00
1354,2026-06-04,Hoàng Văn Em,Ca Chiều,15:54:00,00:09:00
1355,2026-06-05,Vũ Thị Phương,Ca Đêm,22:00:00,06:00:00
1356,2026-06-06,Đặng Văn Hùng,Ca Sáng,07:50:00,16:04:00
1357,2026-06-07,Bùi Thị Hoa,Ca Chiều,15:52:00,00:15:00
1358,2026-06-08,Đỗ Văn Kiên,Ca Đêm,22:00:00,06:00:00
1359,2026-06-09,Hồ Thị Linh,Ca Sáng,07:45:00,16:08:00
1360,2026-06-10,Ngô Văn Minh,Ca Chiều,15:59:00,00:10:00
1361,2026-06-11,Dương Thị Nga,Ca Đêm,22:00:00,06:00:00
1362,2026-06-12,Lý Văn Oai,Ca Sáng,07:49:00,16:07:00
1363,2026-06-13,Mai Thị Phúc,Ca Chiều,15:57:00,00:08:00
1364,2026-06-14,Đoàn Văn Quân,Ca Đêm,22:00:00,06:00:00
1365,2026-06-15,Nguyễn Văn An,Ca Sáng,07:54:00,16:02:00
1366,2026-06-16,Trần Thị Bình,Ca Chiều,15:50:00,00:00:00
1367,2026-06-17,Lê Văn Cường,Ca Đêm,22:00:00,06:00:00
1368,2026-06-18,Phạm Thị Dung,Ca Sáng,07:55:00,16:01:00
1369,2026-06-19,Hoàng Văn Em,Ca Chiều,15:58:00,00:12:00
1370,2026-06-20,Vũ Thị Phương,Ca Đêm,22:00:00,06:00:00
1371,2026-06-21,Đặng Văn Hùng,Ca Sáng,07:54:00,16:07:00
1372,2026-06-22,Bùi Thị Hoa,Ca Chiều,15:54:00,00:06:00
1373,2026-06-23,Đỗ Văn Kiên,Ca Đêm,22:00:00,06:00:00
1374,2026-06-24,Hồ Thị Linh,Ca Sáng,07:57:00,16:00:00
1375,2026-06-25,Ngô Văn Minh,Ca Chiều,15:55:00,00:08:00
1376,2026-06-26,Dương Thị Nga,Ca Đêm,22:00:00,06:00:00
1377,2026-06-27,Lý Văn Oai,Ca Sáng,07:48:00,16:10:00
1378,2026-06-28,Mai Thị Phúc,Ca Chiều,15:54:00,00:15:00
1379,2026-06-29,Đoàn Văn Quân,Ca Đêm,22:00:00,06:00:00
1380,2026-05-31,Nguyễn Văn An,Ca Sáng,07:57:00,16:05:00
1381,2026-06-01,Trần Thị Bình,Ca Chiều,15:50:00,00:08:00
1382,2026-06-02,Lê Văn Cường,Ca Đêm,22:00:00,06:00:00
1383,2026-06-03,Phạm Thị Dung,Ca Sáng,07:58:00,16:00:00
1384,2026-06-04,Hoàng Văn Em,Ca Chiều,15:55:00,00:07:00
1385,2026-06-05,Vũ Thị Phương,Ca Đêm,22:00:00,06:00:00
1386,2026-06-06,Đặng Văn Hùng,Ca Sáng,07:58:00,16:09:00
1387,2026-06-07,Bùi Thị Hoa,Ca Chiều,15:50:00,00:01:00
1388,2026-06-08,Đỗ Văn Kiên,Ca Đêm,22:00:00,06:00:00
1389,2026-06-09,Hồ Thị Linh,Ca Sáng,07:46:00,16:10:00
1390,2026-06-10,Ngô Văn Minh,Ca Chiều,15:51:00,00:02:00
1391,2026-06-11,Dương Thị Nga,Ca Đêm,22:00:00,06:00:00
1392,2026-06-12,Lý Văn Oai,Ca Sáng,07:49:00,16:02:00
1393,2026-06-13,Mai Thị Phúc,Ca Chiều,15:54:00,00:12:00
1394,2026-06-14,Đoàn Văn Quân,Ca Đêm,22:00:00,06:00:00
1395,2026-06-15,Nguyễn Văn An,Ca Sáng,07:57:00,16:05:00
1396,2026-06-16,Trần Thị Bình,Ca Chiều,15:53:00,00:01:00
1397,2026-06-17,Lê Văn Cường,Ca Đêm,22:00:00,06:00:00
1398,2026-06-18,Phạm Thị Dung,Ca Sáng,07:52:00,16:07:00
1399,2026-06-19,Hoàng Văn Em,Ca Chiều,15:50:00,00:07:00
1400,2026-06-20,Vũ Thị Phương,Ca Đêm,22:00:00,
1401,2026-06-21,Đặng Văn Hùng,Ca Sáng,07:53:00,16:07:00
1402,2026-06-22,Bùi Thị Hoa,Ca Chiều,15:54:00,00:12:00
1403,2026-06-23,Đỗ Văn Kiên,Ca Đêm,22:00:00,06:00:00
1404,2026-06-24,Hồ Thị Linh,Ca Sáng,07:57:00,16:07:00
1405,2026-06-25,Ngô Văn Minh,Ca Chiều,15:57:00,00:13:00
1406,2026-06-26,Dương Thị Nga,Ca Đêm,22:00:00,06:00:00
1407,2026-06-27,Lý Văn Oai,Ca Sáng,07:46:00,16:01:00
1408,2026-06-28,Mai Thị Phúc,Ca Chiều,15:53:00,00:05:00
1409,2026-06-29,Đoàn Văn Quân,Ca Đêm,22:00:00,06:00:00
1410,2026-05-31,Nguyễn Văn An,Ca Sáng,07:52:00,16:02:00
1411,2026-06-01,Trần Thị Bình,Ca Chiều,15:55:00,00:10:00
1412,2026-06-02,Lê Văn Cường,Ca Đêm,22:00:00,06:00:00
1413,2026-06-03,Phạm Thị Dung,Ca Sáng,07:57:00,16:02:00
1414,2026-06-04,Hoàng Văn Em,Ca Chiều,15:52:00,00:05:00
1415,2026-06-05,Vũ Thị Phương,Ca Đêm,22:00:00,06:00:00
1416,2026-06-06,Đặng Văn Hùng,Ca Sáng,07:58:00,16:02:00
1417,2026-06-07,Bùi Thị Hoa,Ca Chiều,15:58:00,00:14:00
1418,2026-06-08,Đỗ Văn Kiên,Ca Đêm,22:00:00,06:00:00
1419,2026-06-09,Hồ Thị Linh,Ca Sáng,07:51:00,16:03:00
1420,2026-06-10,Ngô Văn Minh,Ca Chiều,15:53:00,00:01:00
1421,2026-06-11,Dương Thị Nga,Ca Đêm,22:00:00,06:00:00
1422,2026-06-12,Lý Văn Oai,Ca Sáng,07:50:00,16:03:00
1423,2026-06-13,Mai Thị Phúc,Ca Chiều,15:51:00,00:01:00
1424,2026-06-14,Đoàn Văn Quân,Ca Đêm,22:00:00,06:00:00
1425,2026-06-15,Nguyễn Văn An,Ca Sáng,07:53:00,16:09:00
1426,2026-06-16,Trần Thị Bình,Ca Chiều,15:52:00,00:01:00
1427,2026-06-17,Lê Văn Cường,Ca Đêm,22:00:00,06:00:00
1428,2026-06-18,Phạm Thị Dung,Ca Sáng,07:49:00,16:00:00
1429,2026-06-19,Hoàng Văn Em,Ca Chiều,15:58:00,00:04:00
1430,2026-06-20,Vũ Thị Phương,Ca Đêm,22:00:00,06:00:00
1431,2026-06-21,Đặng Văn Hùng,Ca Sáng,07:59:00,16:04:00
1432,2026-06-22,Bùi Thị Hoa,Ca Chiều,15:53:00,00:13:00
1433,2026-06-23,Đỗ Văn Kiên,Ca Đêm,22:00:00,06:00:00
1434,2026-06-24,Hồ Thị Linh,Ca Sáng,07:51:00,16:07:00
1435,2026-06-25,Ngô Văn Minh,Ca Chiều,15:55:00,00:01:00
1436,2026-06-26,Dương Thị Nga,Ca Đêm,22:00:00,06:00:00
1437,2026-06-27,Lý Văn Oai,Ca Sáng,07:52:00,16:00:00
1438,2026-06-28,Mai Thị Phúc,Ca Chiều,15:56:00,00:15:00
1439,2026-06-29,Đoàn Văn Quân,Ca Đêm,22:00:00,06:00:00
1440,2026-05-31,Nguyễn Văn An,Ca Sáng,07:53:00,16:07:00
1441,2026-06-01,Trần Thị Bình,Ca Chiều,15:59:00,00:03:00
1442,2026-06-02,Lê Văn Cường,Ca Đêm,22:00:00,06:00:00
1443,2026-06-03,Phạm Thị Dung,Ca Sáng,07:46:00,16:02:00
1444,2026-06-04,Hoàng Văn Em,Ca Chiều,15:50:00,00:08:00
1445,2026-06-05,Vũ Thị Phương,Ca Đêm,22:00:00,06:00:00
1446,2026-06-06,Đặng Văn Hùng,Ca Sáng,07:47:00,16:03:00
1447,2026-06-07,Bùi Thị Hoa,Ca Chiều,15:53:00,00:08:00
1448,2026-06-08,Đỗ Văn Kiên,Ca Đêm,22:00:00,06:00:00
1449,2026-06-09,Hồ Thị Linh,Ca Sáng,07:50:00,16:05:00
1450,2026-06-10,Ngô Văn Minh,Ca Chiều,15:53:00,
1451,2026-06-11,Dương Thị Nga,Ca Đêm,22:00:00,06:00:00
1452,2026-06-12,Lý Văn Oai,Ca Sáng,07:54:00,16:06:00
1453,2026-06-13,Mai Thị Phúc,Ca Chiều,15:59:00,00:14:00
1454,2026-06-14,Đoàn Văn Quân,Ca Đêm,22:00:00,06:00:00
1455,2026-06-15,Nguyễn Văn An,Ca Sáng,07:47:00,16:01:00
1456,2026-06-16,Trần Thị Bình,Ca Chiều,15:51:00,00:13:00
1457,2026-06-17,Lê Văn Cường,Ca Đêm,22:00:00,06:00:00
1458,2026-06-18,Phạm Thị Dung,Ca Sáng,07:54:00,16:05:00
1459,2026-06-19,Hoàng Văn Em,Ca Chiều,15:55:00,00:00:00
1460,2026-06-20,Vũ Thị Phương,Ca Đêm,22:00:00,06:00:00
1461,2026-06-21,Đặng Văn Hùng,Ca Sáng,07:59:00,16:02:00
1462,2026-06-22,Bùi Thị Hoa,Ca Chiều,15:53:00,00:00:00
1463,2026-06-23,Đỗ Văn Kiên,Ca Đêm,22:00:00,06:00:00
1464,2026-06-24,Hồ Thị Linh,Ca Sáng,07:51:00,16:06:00
1465,2026-06-25,Ngô Văn Minh,Ca Chiều,15:53:00,00:08:00
1466,2026-06-26,Dương Thị Nga,Ca Đêm,22:00:00,06:00:00
1467,2026-06-27,Lý Văn Oai,Ca Sáng,07:50:00,16:00:00
1468,2026-06-28,Mai Thị Phúc,Ca Chiều,15:59:00,00:08:00
1469,2026-06-29,Đoàn Văn Quân,Ca Đêm,22:00:00,06:00:00
1470,2026-05-31,Nguyễn Văn An,Ca Sáng,07:59:00,16:09:00
1471,2026-06-01,Trần Thị Bình,Ca Chiều,15:50:00,00:02:00
1472,2026-06-02,Lê Văn Cường,Ca Đêm,22:00:00,06:00:00
1473,2026-06-03,Phạm Thị Dung,Ca Sáng,07:53:00,16:05:00
1474,2026-06-04,Hoàng Văn Em,Ca Chiều,15:57:00,00:13:00
1475,2026-06-05,Vũ Thị Phương,Ca Đêm,22:00:00,06:00:00
1476,2026-06-06,Đặng Văn Hùng,Ca Sáng,07:59:00,16:03:00
1477,2026-06-07,Bùi Thị Hoa,Ca Chiều,15:53:00,00:08:00
1478,2026-06-08,Đỗ Văn Kiên,Ca Đêm,22:00:00,06:00:00
1479,2026-06-09,Hồ Thị Linh,Ca Sáng,07:50:00,16:06:00
1480,2026-06-10,Ngô Văn Minh,Ca Chiều,15:58:00,00:09:00
1481,2026-06-11,Dương Thị Nga,Ca Đêm,22:00:00,06:00:00
1482,2026-06-12,Lý Văn Oai,Ca Sáng,07:45:00,16:03:00
1483,2026-06-13,Mai Thị Phúc,Ca Chiều,15:54:00,00:03:00
1484,2026-06-14,Đoàn Văn Quân,Ca Đêm,22:00:00,06:00:00
1485,2026-06-15,Nguyễn Văn An,Ca Sáng,07:51:00,16:10:00
1486,2026-06-16,Trần Thị Bình,Ca Chiều,15:54:00,00:15:00
1487,2026-06-17,Lê Văn Cường,Ca Đêm,22:00:00,06:00:00
1488,2026-06-18,Phạm Thị Dung,Ca Sáng,07:56:00,16:08:00
1489,2026-06-19,Hoàng Văn Em,Ca Chiều,15:58:00,00:03:00
1490,2026-06-20,Vũ Thị Phương,Ca Đêm,22:00:00,06:00:00
1491,2026-06-21,Đặng Văn Hùng,Ca Sáng,07:55:00,16:10:00
1492,2026-06-22,Bùi Thị Hoa,Ca Chiều,15:51:00,00:14:00
1493,2026-06-23,Đỗ Văn Kiên,Ca Đêm,22:00:00,06:00:00
1494,2026-06-24,Hồ Thị Linh,Ca Sáng,07:54:00,16:09:00
1495,2026-06-25,Ngô Văn Minh,Ca Chiều,15:51:00,00:11:00
1496,2026-06-26,Dương Thị Nga,Ca Đêm,22:00:00,06:00:00
1497,2026-06-27,Lý Văn Oai,Ca Sáng,07:57:00,16:07:00
1498,2026-06-28,Mai Thị Phúc,Ca Chiều,15:57:00,00:00:00
1499,2026-06-29,Đoàn Văn Quân,Ca Đêm,22:00:00,06:00:00
1500,2026-05-31,Nguyễn Văn An,Ca Sáng,07:52:00,
1501,2026-06-01,Trần Thị Bình,Ca Chiều,15:58:00,00:00:00
1502,2026-06-02,Lê Văn Cường,Ca Đêm,22:00:00,06:00:00
1503,2026-06-03,Phạm Thị Dung,Ca Sáng,07:51:00,16:07:00
1504,2026-06-04,Hoàng Văn Em,Ca Chiều,15:55:00,00:06:00
1505,2026-06-05,Vũ Thị Phương,Ca Đêm,22:00:00,06:00:00
1506,2026-06-06,Đặng Văn Hùng,Ca Sáng,07:47:00,16:01:00
1507,2026-06-07,Bùi Thị Hoa,Ca Chiều,15:51:00,00:08:00
1508,2026-06-08,Đỗ Văn Kiên,Ca Đêm,22:00:00,06:00:00
1509,2026-06-09,Hồ Thị Linh,Ca Sáng,07:55:00,16:07:00
1510,2026-06-10,Ngô Văn Minh,Ca Chiều,15:58:00,00:09:00
1511,2026-06-11,Dương Thị Nga,Ca Đêm,22:00:00,06:00:00
1512,2026-06-12,Lý Văn Oai,Ca Sáng,07:48:00,16:06:00
1513,2026-06-13,Mai Thị Phúc,Ca Chiều,15:50:00,00:08:00
1514,2026-06-14,Đoàn Văn Quân,Ca Đêm,22:00:00,06:00:00
1515,2026-06-15,Nguyễn Văn An,Ca Sáng,07:53:00,16:07:00
1516,2026-06-16,Trần Thị Bình,Ca Chiều,15:52:00,00:01:00
1517,2026-06-17,Lê Văn Cường,Ca Đêm,22:00:00,06:00:00
1518,2026-06-18,Phạm Thị Dung,Ca Sáng,07:48:00,16:01:00
1519,2026-06-19,Hoàng Văn Em,Ca Chiều,15:59:00,00:14:00
1520,2026-06-20,Vũ Thị Phương,Ca Đêm,22:00:00,06:00:00
1521,2026-06-21,Đặng Văn Hùng,Ca Sáng,07:54:00,16:05:00
1522,2026-06-22,Bùi Thị Hoa,Ca Chiều,15:57:00,00:10:00
1523,2026-06-23,Đỗ Văn Kiên,Ca Đêm,22:00:00,06:00:00
1524,2026-06-24,Hồ Thị Linh,Ca Sáng,07:51:00,16:07:00
1525,2026-06-25,Ngô Văn Minh,Ca Chiều,15:55:00,00:04:00
1526,2026-06-26,Dương Thị Nga,Ca Đêm,22:00:00,06:00:00
1527,2026-06-27,Lý Văn Oai,Ca Sáng,07:53:00,16:00:00
1528,2026-06-28,Mai Thị Phúc,Ca Chiều,15:57:00,00:02:00
1529,2026-06-29,Đoàn Văn Quân,Ca Đêm,22:00:00,06:00:00
1530,2026-05-31,Nguyễn Văn An,Ca Sáng,07:48:00,16:07:00
1531,2026-06-01,Trần Thị Bình,Ca Chiều,15:58:00,00:11:00
1532,2026-06-02,Lê Văn Cường,Ca Đêm,22:00:00,06:00:00
1533,2026-06-03,Phạm Thị Dung,Ca Sáng,07:52:00,16:10:00
1534,2026-06-04,Hoàng Văn Em,Ca Chiều,15:56:00,00:13:00
1535,2026-06-05,Vũ Thị Phương,Ca Đêm,22:00:00,06:00:00
1536,2026-06-06,Đặng Văn Hùng,Ca Sáng,07:47:00,16:07:00
1537,2026-06-07,Bùi Thị Hoa,Ca Chiều,15:57:00,00:02:00
1538,2026-06-08,Đỗ Văn Kiên,Ca Đêm,22:00:00,06:00:00
1539,2026-06-09,Hồ Thị Linh,Ca Sáng,07:48:00,16:03:00
1540,2026-06-10,Ngô Văn Minh,Ca Chiều,15:50:00,00:05:00
1541,2026-06-11,Dương Thị Nga,Ca Đêm,22:00:00,06:00:00
1542,2026-06-12,Lý Văn Oai,Ca Sáng,07:55:00,16:00:00
1543,2026-06-13,Mai Thị Phúc,Ca Chiều,15:52:00,00:15:00
1544,2026-06-14,Đoàn Văn Quân,Ca Đêm,22:00:00,06:00:00
1545,2026-06-15,Nguyễn Văn An,Ca Sáng,07:50:00,16:08:00
1546,2026-06-16,Trần Thị Bình,Ca Chiều,15:50:00,00:15:00
1547,2026-06-17,Lê Văn Cường,Ca Đêm,22:00:00,06:00:00
1548,2026-06-18,Phạm Thị Dung,Ca Sáng,07:47:00,16:00:00
1549,2026-06-19,Hoàng Văn Em,Ca Chiều,15:51:00,00:12:00
1550,2026-06-20,Vũ Thị Phương,Ca Đêm,22:00:00,
1551,2026-06-21,Đặng Văn Hùng,Ca Sáng,07:47:00,16:03:00
1552,2026-06-22,Bùi Thị Hoa,Ca Chiều,15:56:00,00:10:00
1553,2026-06-23,Đỗ Văn Kiên,Ca Đêm,22:00:00,06:00:00
1554,2026-06-24,Hồ Thị Linh,Ca Sáng,07:59:00,16:10:00
1555,2026-06-25,Ngô Văn Minh,Ca Chiều,15:53:00,00:07:00
1556,2026-06-26,Dương Thị Nga,Ca Đêm,22:00:00,06:00:00
1557,2026-06-27,Lý Văn Oai,Ca Sáng,07:59:00,16:10:00
1558,2026-06-28,Mai Thị Phúc,Ca Chiều,15:51:00,00:13:00
1559,2026-06-29,Đoàn Văn Quân,Ca Đêm,22:00:00,06:00:00
1560,2026-05-31,Nguyễn Văn An,Ca Sáng,07:58:00,16:00:00
1561,2026-06-01,Trần Thị Bình,Ca Chiều,15:53:00,00:11:00
1562,2026-06-02,Lê Văn Cường,Ca Đêm,22:00:00,06:00:00
1563,2026-06-03,Phạm Thị Dung,Ca Sáng,07:53:00,16:09:00
1564,2026-06-04,Hoàng Văn Em,Ca Chiều,15:51:00,00:12:00
1565,2026-06-05,Vũ Thị Phương,Ca Đêm,22:00:00,06:00:00
1566,2026-06-06,Đặng Văn Hùng,Ca Sáng,07:57:00,16:01:00
1567,2026-06-07,Bùi Thị Hoa,Ca Chiều,15:52:00,00:05:00
1568,2026-06-08,Đỗ Văn Kiên,Ca Đêm,22:00:00,06:00:00
1569,2026-06-09,Hồ Thị Linh,Ca Sáng,07:46:00,16:09:00
1570,2026-06-10,Ngô Văn Minh,Ca Chiều,15:56:00,00:11:00
1571,2026-06-11,Dương Thị Nga,Ca Đêm,22:00:00,06:00:00
1572,2026-06-12,Lý Văn Oai,Ca Sáng,07:47:00,16:04:00
1573,2026-06-13,Mai Thị Phúc,Ca Chiều,15:52:00,00:04:00
1574,2026-06-14,Đoàn Văn Quân,Ca Đêm,22:00:00,06:00:00
1575,2026-06-15,Nguyễn Văn An,Ca Sáng,07:54:00,16:05:00
1576,2026-06-16,Trần Thị Bình,Ca Chiều,15:55:00,00:11:00
1577,2026-06-17,Lê Văn Cường,Ca Đêm,22:00:00,06:00:00
1578,2026-06-18,Phạm Thị Dung,Ca Sáng,07:48:00,16:08:00
1579,2026-06-19,Hoàng Văn Em,Ca Chiều,15:54:00,00:06:00
1580,2026-06-20,Vũ Thị Phương,Ca Đêm,22:00:00,06:00:00
1581,2026-06-21,Đặng Văn Hùng,Ca Sáng,07:50:00,16:06:00
1582,2026-06-22,Bùi Thị Hoa,Ca Chiều,15:56:00,00:15:00
1583,2026-06-23,Đỗ Văn Kiên,Ca Đêm,22:00:00,06:00:00
1584,2026-06-24,Hồ Thị Linh,Ca Sáng,07:53:00,16:08:00
1585,2026-06-25,Ngô Văn Minh,Ca Chiều,15:50:00,00:09:00
1586,2026-06-26,Dương Thị Nga,Ca Đêm,22:00:00,06:00:00
1587,2026-06-27,Lý Văn Oai,Ca Sáng,07:47:00,16:03:00
1588,2026-06-28,Mai Thị Phúc,Ca Chiều,15:50:00,00:08:00
1589,2026-06-29,Đoàn Văn Quân,Ca Đêm,22:00:00,06:00:00
1590,2026-05-31,Nguyễn Văn An,Ca Sáng,07:51:00,16:09:00
1591,2026-06-01,Trần Thị Bình,Ca Chiều,15:53:00,00:11:00
1592,2026-06-02,Lê Văn Cường,Ca Đêm,22:00:00,06:00:00
1593,2026-06-03,Phạm Thị Dung,Ca Sáng,07:55:00,16:07:00
1594,2026-06-04,Hoàng Văn Em,Ca Chiều,15:50:00,00:10:00
1595,2026-06-05,Vũ Thị Phương,Ca Đêm,22:00:00,06:00:00
1596,2026-06-06,Đặng Văn Hùng,Ca Sáng,07:51:00,16:04:00
1597,2026-06-07,Bùi Thị Hoa,Ca Chiều,15:56:00,00:09:00
1598,2026-06-08,Đỗ Văn Kiên,Ca Đêm,22:00:00,06:00:00
1599,2026-06-09,Hồ Thị Linh,Ca Sáng,07:56:00,16:04:00
1600,2026-06-10,Ngô Văn Minh,Ca Chiều,15:52:00,
1601,2026-06-11,Dương Thị Nga,Ca Đêm,22:00:00,06:00:00
1602,2026-06-12,Lý Văn Oai,Ca Sáng,07:51:00,16:06:00
1603,2026-06-13,Mai Thị Phúc,Ca Chiều,15:58:00,00:13:00
1604,2026-06-14,Đoàn Văn Quân,Ca Đêm,22:00:00,06:00:00
1605,2026-06-15,Nguyễn Văn An,Ca Sáng,07:53:00,16:10:00
1606,2026-06-16,Trần Thị Bình,Ca Chiều,15:58:00,00:05:00
1607,2026-06-17,Lê Văn Cường,Ca Đêm,22:00:00,06:00:00
1608,2026-06-18,Phạm Thị Dung,Ca Sáng,07:57:00,16:09:00
1609,2026-06-19,Hoàng Văn Em,Ca Chiều,15:55:00,00:06:00
1610,2026-06-20,Vũ Thị Phương,Ca Đêm,22:00:00,06:00:00
1611,2026-06-21,Đặng Văn Hùng,Ca Sáng,07:51:00,16:04:00
1612,2026-06-22,Bùi Thị Hoa,Ca Chiều,15:52:00,00:13:00
1613,2026-06-23,Đỗ Văn Kiên,Ca Đêm,22:00:00,06:00:00
1614,2026-06-24,Hồ Thị Linh,Ca Sáng,07:53:00,16:08:00
1615,2026-06-25,Ngô Văn Minh,Ca Chiều,15:50:00,00:01:00
1616,2026-06-26,Dương Thị Nga,Ca Đêm,22:00:00,06:00:00
1617,2026-06-27,Lý Văn Oai,Ca Sáng,07:54:00,16:08:00
1618,2026-06-28,Mai Thị Phúc,Ca Chiều,15:54:00,00:05:00
1619,2026-06-29,Đoàn Văn Quân,Ca Đêm,22:00:00,06:00:00
1620,2026-05-31,Nguyễn Văn An,Ca Sáng,07:51:00,16:08:00
1621,2026-06-01,Trần Thị Bình,Ca Chiều,15:50:00,00:09:00
1622,2026-06-02,Lê Văn Cường,Ca Đêm,22:00:00,06:00:00
1623,2026-06-03,Phạm Thị Dung,Ca Sáng,07:48:00,16:07:00
1624,2026-06-04,Hoàng Văn Em,Ca Chiều,15:53:00,00:04:00
1625,2026-06-05,Vũ Thị Phương,Ca Đêm,22:00:00,06:00:00
1626,2026-06-06,Đặng Văn Hùng,Ca Sáng,07:50:00,16:03:00
1627,2026-06-07,Bùi Thị Hoa,Ca Chiều,15:51:00,00:08:00
1628,2026-06-08,Đỗ Văn Kiên,Ca Đêm,22:00:00,06:00:00
1629,2026-06-09,Hồ Thị Linh,Ca Sáng,07:54:00,16:01:00
1630,2026-06-10,Ngô Văn Minh,Ca Chiều,15:56:00,00:09:00
1631,2026-06-11,Dương Thị Nga,Ca Đêm,22:00:00,06:00:00
1632,2026-06-12,Lý Văn Oai,Ca Sáng,07:55:00,16:04:00
1633,2026-06-13,Mai Thị Phúc,Ca Chiều,15:57:00,00:08:00
1634,2026-06-14,Đoàn Văn Quân,Ca Đêm,22:00:00,06:00:00
1635,2026-06-15,Nguyễn Văn An,Ca Sáng,07:49:00,16:04:00
1636,2026-06-16,Trần Thị Bình,Ca Chiều,15:59:00,00:14:00
1637,2026-06-17,Lê Văn Cường,Ca Đêm,22:00:00,06:00:00
1638,2026-06-18,Phạm Thị Dung,Ca Sáng,07:47:00,16:01:00
1639,2026-06-19,Hoàng Văn Em,Ca Chiều,15:56:00,00:00:00
1640,2026-06-20,Vũ Thị Phương,Ca Đêm,22:00:00,06:00:00
1641,2026-06-21,Đặng Văn Hùng,Ca Sáng,07:48:00,16:01:00
1642,2026-06-22,Bùi Thị Hoa,Ca Chiều,15:56:00,00:15:00
1643,2026-06-23,Đỗ Văn Kiên,Ca Đêm,22:00:00,06:00:00
1644,2026-06-24,Hồ Thị Linh,Ca Sáng,07:55:00,16:04:00
1645,2026-06-25,Ngô Văn Minh,Ca Chiều,15:59:00,00:03:00
1646,2026-06-26,Dương Thị Nga,Ca Đêm,22:00:00,06:00:00
1647,2026-06-27,Lý Văn Oai,Ca Sáng,07:45:00,16:00:00
1648,2026-06-28,Mai Thị Phúc,Ca Chiều,15:56:00,00:05:00
1649,2026-06-29,Đoàn Văn Quân,Ca Đêm,22:00:00,06:00:00
1650,2026-05-31,Nguyễn Văn An,Ca Sáng,07:55:00,
1651,2026-06-01,Trần Thị Bình,Ca Chiều,15:50:00,00:13:00
1652,2026-06-02,Lê Văn Cường,Ca Đêm,22:00:00,06:00:00
1653,2026-06-03,Phạm Thị Dung,Ca Sáng,07:55:00,16:10:00
1654,2026-06-04,Hoàng Văn Em,Ca Chiều,15:58:00,00:12:00
1655,2026-06-05,Vũ Thị Phương,Ca Đêm,22:00:00,06:00:00
1656,2026-06-06,Đặng Văn Hùng,Ca Sáng,07:57:00,16:06:00
1657,2026-06-07,Bùi Thị Hoa,Ca Chiều,15:58:00,00:11:00
1658,2026-06-08,Đỗ Văn Kiên,Ca Đêm,22:00:00,06:00:00
1659,2026-06-09,Hồ Thị Linh,Ca Sáng,07:45:00,16:10:00
1660,2026-06-10,Ngô Văn Minh,Ca Chiều,15:53:00,00:00:00
1661,2026-06-11,Dương Thị Nga,Ca Đêm,22:00:00,06:00:00
1662,2026-06-12,Lý Văn Oai,Ca Sáng,07:57:00,16:07:00
1663,2026-06-13,Mai Thị Phúc,Ca Chiều,15:52:00,00:10:00
1664,2026-06-14,Đoàn Văn Quân,Ca Đêm,22:00:00,06:00:00
1665,2026-06-15,Nguyễn Văn An,Ca Sáng,07:47:00,16:06:00
1666,2026-06-16,Trần Thị Bình,Ca Chiều,15:59:00,00:12:00
1667,2026-06-17,Lê Văn Cường,Ca Đêm,22:00:00,06:00:00
1668,2026-06-18,Phạm Thị Dung,Ca Sáng,07:57:00,16:00:00
1669,2026-06-19,Hoàng Văn Em,Ca Chiều,15:57:00,00:00:00
1670,2026-06-20,Vũ Thị Phương,Ca Đêm,22:00:00,06:00:00
1671,2026-06-21,Đặng Văn Hùng,Ca Sáng,07:49:00,16:08:00
1672,2026-06-22,Bùi Thị Hoa,Ca Chiều,15:59:00,00:02:00
1673,2026-06-23,Đỗ Văn Kiên,Ca Đêm,22:00:00,06:00:00
1674,2026-06-24,Hồ Thị Linh,Ca Sáng,07:56:00,16:01:00
1675,2026-06-25,Ngô Văn Minh,Ca Chiều,15:59:00,00:15:00
1676,2026-06-26,Dương Thị Nga,Ca Đêm,22:00:00,06:00:00
1677,2026-06-27,Lý Văn Oai,Ca Sáng,07:50:00,16:10:00
1678,2026-06-28,Mai Thị Phúc,Ca Chiều,15:53:00,00:04:00
1679,2026-06-29,Đoàn Văn Quân,Ca Đêm,22:00:00,06:00:00
1680,2026-05-31,Nguyễn Văn An,Ca Sáng,07:46:00,16:02:00
1681,2026-06-01,Trần Thị Bình,Ca Chiều,15:58:00,00:14:00
1682,2026-06-02,Lê Văn Cường,Ca Đêm,22:00:00,06:00:00
1683,2026-06-03,Phạm Thị Dung,Ca Sáng,07:46:00,16:03:00
1684,2026-06-04,Hoàng Văn Em,Ca Chiều,15:52:00,00:02:00
1685,2026-06-05,Vũ Thị Phương,Ca Đêm,22:00:00,06:00:00
1686,2026-06-06,Đặng Văn Hùng,Ca Sáng,07:51:00,16:05:00
1687,2026-06-07,Bùi Thị Hoa,Ca Chiều,15:55:00,00:07:00
1688,2026-06-08,Đỗ Văn Kiên,Ca Đêm,22:00:00,06:00:00
1689,2026-06-09,Hồ Thị Linh,Ca Sáng,07:46:00,16:05:00
1690,2026-06-10,Ngô Văn Minh,Ca Chiều,15:59:00,00:07:00
1691,2026-06-11,Dương Thị Nga,Ca Đêm,22:00:00,06:00:00
1692,2026-06-12,Lý Văn Oai,Ca Sáng,07:57:00,16:02:00
1693,2026-06-13,Mai Thị Phúc,Ca Chiều,15:57:00,00:13:00
1694,2026-06-14,Đoàn Văn Quân,Ca Đêm,22:00:00,06:00:00
1695,2026-06-15,Nguyễn Văn An,Ca Sáng,07:47:00,16:05:00
1696,2026-06-16,Trần Thị Bình,Ca Chiều,15:59:00,00:13:00
1697,2026-06-17,Lê Văn Cường,Ca Đêm,22:00:00,06:00:00
1698,2026-06-18,Phạm Thị Dung,Ca Sáng,07:52:00,16:05:00
1699,2026-06-19,Hoàng Văn Em,Ca Chiều,15:51:00,00:03:00
1700,2026-06-20,Vũ Thị Phương,Ca Đêm,22:00:00,
1701,2026-06-21,Đặng Văn Hùng,Ca Sáng,07:52:00,16:04:00
1702,2026-06-22,Bùi Thị Hoa,Ca Chiều,15:53:00,00:12:00
1703,2026-06-23,Đỗ Văn Kiên,Ca Đêm,22:00:00,06:00:00
1704,2026-06-24,Hồ Thị Linh,Ca Sáng,07:47:00,16:05:00
1705,2026-06-25,Ngô Văn Minh,Ca Chiều,15:52:00,00:02:00
1706,2026-06-26,Dương Thị Nga,Ca Đêm,22:00:00,06:00:00
1707,2026-06-27,Lý Văn Oai,Ca Sáng,07:49:00,16:00:00
1708,2026-06-28,Mai Thị Phúc,Ca Chiều,15:58:00,00:03:00
1709,2026-06-29,Đoàn Văn Quân,Ca Đêm,22:00:00,06:00:00
1710,2026-05-31,Nguyễn Văn An,Ca Sáng,07:46:00,16:05:00
1711,2026-06-01,Trần Thị Bình,Ca Chiều,15:51:00,00:11:00
1712,2026-06-02,Lê Văn Cường,Ca Đêm,22:00:00,06:00:00
1713,2026-06-03,Phạm Thị Dung,Ca Sáng,07:47:00,16:02:00
1714,2026-06-04,Hoàng Văn Em,Ca Chiều,15:50:00,00:11:00
1715,2026-06-05,Vũ Thị Phương,Ca Đêm,22:00:00,06:00:00
1716,2026-06-06,Đặng Văn Hùng,Ca Sáng,07:45:00,16:01:00
1717,2026-06-07,Bùi Thị Hoa,Ca Chiều,15:51:00,00:00:00
1718,2026-06-08,Đỗ Văn Kiên,Ca Đêm,22:00:00,06:00:00
1719,2026-06-09,Hồ Thị Linh,Ca Sáng,07:46:00,16:09:00
1720,2026-06-10,Ngô Văn Minh,Ca Chiều,15:51:00,00:05:00
1721,2026-06-11,Dương Thị Nga,Ca Đêm,22:00:00,06:00:00
1722,2026-06-12,Lý Văn Oai,Ca Sáng,07:49:00,16:00:00
1723,2026-06-13,Mai Thị Phúc,Ca Chiều,15:59:00,00:07:00
1724,2026-06-14,Đoàn Văn Quân,Ca Đêm,22:00:00,06:00:00
1725,2026-06-15,Nguyễn Văn An,Ca Sáng,07:45:00,16:10:00
1726,2026-06-16,Trần Thị Bình,Ca Chiều,15:57:00,00:12:00
1727,2026-06-17,Lê Văn Cường,Ca Đêm,22:00:00,06:00:00
1728,2026-06-18,Phạm Thị Dung,Ca Sáng,07:59:00,16:04:00
1729,2026-06-19,Hoàng Văn Em,Ca Chiều,15:59:00,00:04:00
1730,2026-06-20,Vũ Thị Phương,Ca Đêm,22:00:00,06:00:00
1731,2026-06-21,Đặng Văn Hùng,Ca Sáng,07:52:00,16:00:00
1732,2026-06-22,Bùi Thị Hoa,Ca Chiều,15:59:00,00:11:00
1733,2026-06-23,Đỗ Văn Kiên,Ca Đêm,22:00:00,06:00:00
1734,2026-06-24,Hồ Thị Linh,Ca Sáng,07:52:00,16:05:00
1735,2026-06-25,Ngô Văn Minh,Ca Chiều,15:53:00,00:14:00
1736,2026-06-26,Dương Thị Nga,Ca Đêm,22:00:00,06:00:00
1737,2026-06-27,Lý Văn Oai,Ca Sáng,07:49:00,16:10:00
1738,2026-06-28,Mai Thị Phúc,Ca Chiều,15:50:00,00:13:00
1739,2026-06-29,Đoàn Văn Quân,Ca Đêm,22:00:00,06:00:00
1740,2026-05-31,Nguyễn Văn An,Ca Sáng,07:48:00,16:00:00
1741,2026-06-01,Trần Thị Bình,Ca Chiều,15:52:00,00:04:00
1742,2026-06-02,Lê Văn Cường,Ca Đêm,22:00:00,06:00:00
1743,2026-06-03,Phạm Thị Dung,Ca Sáng,07:53:00,16:05:00
1744,2026-06-04,Hoàng Văn Em,Ca Chiều,15:54:00,00:07:00
1745,2026-06-05,Vũ Thị Phương,Ca Đêm,22:00:00,06:00:00
1746,2026-06-06,Đặng Văn Hùng,Ca Sáng,07:56:00,16:05:00
1747,2026-06-07,Bùi Thị Hoa,Ca Chiều,15:57:00,00:03:00
1748,2026-06-08,Đỗ Văn Kiên,Ca Đêm,22:00:00,06:00:00
1749,2026-06-09,Hồ Thị Linh,Ca Sáng,07:48:00,16:09:00
1750,2026-06-10,Ngô Văn Minh,Ca Chiều,15:54:00,
1751,2026-06-11,Dương Thị Nga,Ca Đêm,22:00:00,06:00:00
1752,2026-06-12,Lý Văn Oai,Ca Sáng,07:52:00,16:06:00
1753,2026-06-13,Mai Thị Phúc,Ca Chiều,15:59:00,00:06:00
1754,2026-06-14,Đoàn Văn Quân,Ca Đêm,22:00:00,06:00:00
1755,2026-06-15,Nguyễn Văn An,Ca Sáng,07:51:00,16:08:00
1756,2026-06-16,Trần Thị Bình,Ca Chiều,15:59:00,00:14:00
1757,2026-06-17,Lê Văn Cường,Ca Đêm,22:00:00,06:00:00
1758,2026-06-18,Phạm Thị Dung,Ca Sáng,07:58:00,16:08:00
1759,2026-06-19,Hoàng Văn Em,Ca Chiều,15:53:00,00:03:00
1760,2026-06-20,Vũ Thị Phương,Ca Đêm,22:00:00,06:00:00
1761,2026-06-21,Đặng Văn Hùng,Ca Sáng,07:53:00,16:09:00
1762,2026-06-22,Bùi Thị Hoa,Ca Chiều,15:54:00,00:05:00
1763,2026-06-23,Đỗ Văn Kiên,Ca Đêm,22:00:00,06:00:00
1764,2026-06-24,Hồ Thị Linh,Ca Sáng,07:50:00,16:07:00
1765,2026-06-25,Ngô Văn Minh,Ca Chiều,15:55:00,00:05:00
1766,2026-06-26,Dương Thị Nga,Ca Đêm,22:00:00,06:00:00
1767,2026-06-27,Lý Văn Oai,Ca Sáng,07:59:00,16:00:00
1768,2026-06-28,Mai Thị Phúc,Ca Chiều,15:51:00,00:11:00
1769,2026-06-29,Đoàn Văn Quân,Ca Đêm,22:00:00,06:00:00
1770,2026-05-31,Nguyễn Văn An,Ca Sáng,07:47:00,16:03:00
1771,2026-06-01,Trần Thị Bình,Ca Chiều,15:58:00,00:03:00
1772,2026-06-02,Lê Văn Cường,Ca Đêm,22:00:00,06:00:00
1773,2026-06-03,Phạm Thị Dung,Ca Sáng,07:54:00,16:05:00
1774,2026-06-04,Hoàng Văn Em,Ca Chiều,15:51:00,00:01:00
1775,2026-06-05,Vũ Thị Phương,Ca Đêm,22:00:00,06:00:00
1776,2026-06-06,Đặng Văn Hùng,Ca Sáng,07:50:00,16:08:00
1777,2026-06-07,Bùi Thị Hoa,Ca Chiều,15:52:00,00:09:00
1778,2026-06-08,Đỗ Văn Kiên,Ca Đêm,22:00:00,06:00:00
1779,2026-06-09,Hồ Thị Linh,Ca Sáng,07:56:00,16:01:00
1780,2026-06-10,Ngô Văn Minh,Ca Chiều,15:53:00,00:06:00
1781,2026-06-11,Dương Thị Nga,Ca Đêm,22:00:00,06:00:00
1782,2026-06-12,Lý Văn Oai,Ca Sáng,07:46:00,16:07:00
1783,2026-06-13,Mai Thị Phúc,Ca Chiều,15:58:00,00:10:00
1784,2026-06-14,Đoàn Văn Quân,Ca Đêm,22:00:00,06:00:00
1785,2026-06-15,Nguyễn Văn An,Ca Sáng,07:52:00,16:06:00
1786,2026-06-16,Trần Thị Bình,Ca Chiều,15:53:00,00:02:00
1787,2026-06-17,Lê Văn Cường,Ca Đêm,22:00:00,06:00:00
1788,2026-06-18,Phạm Thị Dung,Ca Sáng,07:45:00,16:08:00
1789,2026-06-19,Hoàng Văn Em,Ca Chiều,15:53:00,00:01:00
1790,2026-06-20,Vũ Thị Phương,Ca Đêm,22:00:00,06:00:00
1791,2026-06-21,Đặng Văn Hùng,Ca Sáng,07:49:00,16:09:00
1792,2026-06-22,Bùi Thị Hoa,Ca Chiều,15:51:00,00:03:00
1793,2026-06-23,Đỗ Văn Kiên,Ca Đêm,22:00:00,06:00:00
1794,2026-06-24,Hồ Thị Linh,Ca Sáng,07:49:00,16:07:00
1795,2026-06-25,Ngô Văn Minh,Ca Chiều,15:52:00,00:13:00
1796,2026-06-26,Dương Thị Nga,Ca Đêm,22:00:00,06:00:00
1797,2026-06-27,Lý Văn Oai,Ca Sáng,07:47:00,16:01:00
1798,2026-06-28,Mai Thị Phúc,Ca Chiều,15:50:00,00:15:00
1799,2026-06-29,Đoàn Văn Quân,Ca Đêm,22:00:00,06:00:00
1800,2026-05-31,Nguyễn Văn An,Ca Sáng,07:55:00,
1801,2026-06-01,Trần Thị Bình,Ca Chiều,15:54:00,00:03:00
1802,2026-06-02,Lê Văn Cường,Ca Đêm,22:00:00,06:00:00
1803,2026-06-03,Phạm Thị Dung,Ca Sáng,07:53:00,16:07:00
1804,2026-06-04,Hoàng Văn Em,Ca Chiều,15:52:00,00:00:00
1805,2026-06-05,Vũ Thị Phương,Ca Đêm,22:00:00,06:00:00
1806,2026-06-06,Đặng Văn Hùng,Ca Sáng,07:55:00,16:03:00
1807,2026-06-07,Bùi Thị Hoa,Ca Chiều,15:58:00,00:04:00
1808,2026-06-08,Đỗ Văn Kiên,Ca Đêm,22:00:00,06:00:00
1809,2026-06-09,Hồ Thị Linh,Ca Sáng,07:48:00,16:05:00
1810,2026-06-10,Ngô Văn Minh,Ca Chiều,15:58:00,00:02:00
1811,2026-06-11,Dương Thị Nga,Ca Đêm,22:00:00,06:00:00
1812,2026-06-12,Lý Văn Oai,Ca Sáng,07:59:00,16:08:00
1813,2026-06-13,Mai Thị Phúc,Ca Chiều,15:58:00,00:00:00
1814,2026-06-14,Đoàn Văn Quân,Ca Đêm,22:00:00,06:00:00
1815,2026-06-15,Nguyễn Văn An,Ca Sáng,07:45:00,16:01:00
1816,2026-06-16,Trần Thị Bình,Ca Chiều,15:55:00,00:12:00
1817,2026-06-17,Lê Văn Cường,Ca Đêm,22:00:00,06:00:00
1818,2026-06-18,Phạm Thị Dung,Ca Sáng,07:55:00,16:00:00
1819,2026-06-19,Hoàng Văn Em,Ca Chiều,15:52:00,00:09:00
1820,2026-06-20,Vũ Thị Phương,Ca Đêm,22:00:00,06:00:00
1821,2026-06-21,Đặng Văn Hùng,Ca Sáng,07:48:00,16:09:00
1822,2026-06-22,Bùi Thị Hoa,Ca Chiều,15:55:00,00:01:00
1823,2026-06-23,Đỗ Văn Kiên,Ca Đêm,22:00:00,06:00:00
1824,2026-06-24,Hồ Thị Linh,Ca Sáng,07:54:00,16:07:00
1825,2026-06-25,Ngô Văn Minh,Ca Chiều,15:52:00,00:08:00
1826,2026-06-26,Dương Thị Nga,Ca Đêm,22:00:00,06:00:00
1827,2026-06-27,Lý Văn Oai,Ca Sáng,07:50:00,16:04:00
1828,2026-06-28,Mai Thị Phúc,Ca Chiều,15:54:00,00:05:00
1829,2026-06-29,Đoàn Văn Quân,Ca Đêm,22:00:00,06:00:00
1830,2026-05-31,Nguyễn Văn An,Ca Sáng,07:54:00,16:10:00
1831,2026-06-01,Trần Thị Bình,Ca Chiều,15:55:00,00:06:00
1832,2026-06-02,Lê Văn Cường,Ca Đêm,22:00:00,06:00:00
1833,2026-06-03,Phạm Thị Dung,Ca Sáng,07:58:00,16:08:00
1834,2026-06-04,Hoàng Văn Em,Ca Chiều,15:54:00,00:14:00
1835,2026-06-05,Vũ Thị Phương,Ca Đêm,22:00:00,06:00:00
1836,2026-06-06,Đặng Văn Hùng,Ca Sáng,07:57:00,16:07:00
1837,2026-06-07,Bùi Thị Hoa,Ca Chiều,15:58:00,00:08:00
1838,2026-06-08,Đỗ Văn Kiên,Ca Đêm,22:00:00,06:00:00
1839,2026-06-09,Hồ Thị Linh,Ca Sáng,07:50:00,16:04:00
1840,2026-06-10,Ngô Văn Minh,Ca Chiều,15:53:00,00:11:00
1841,2026-06-11,Dương Thị Nga,Ca Đêm,22:00:00,06:00:00
1842,2026-06-12,Lý Văn Oai,Ca Sáng,07:45:00,16:06:00
1843,2026-06-13,Mai Thị Phúc,Ca Chiều,15:58:00,00:07:00
1844,2026-06-14,Đoàn Văn Quân,Ca Đêm,22:00:00,06:00:00
1845,2026-06-15,Nguyễn Văn An,Ca Sáng,07:51:00,16:02:00
1846,2026-06-16,Trần Thị Bình,Ca Chiều,15:50:00,00:03:00
1847,2026-06-17,Lê Văn Cường,Ca Đêm,22:00:00,06:00:00
1848,2026-06-18,Phạm Thị Dung,Ca Sáng,07:49:00,16:05:00
1849,2026-06-19,Hoàng Văn Em,Ca Chiều,15:51:00,00:04:00
1850,2026-06-20,Vũ Thị Phương,Ca Đêm,22:00:00,
1851,2026-06-21,Đặng Văn Hùng,Ca Sáng,07:46:00,16:02:00
1852,2026-06-22,Bùi Thị Hoa,Ca Chiều,15:53:00,00:15:00
1853,2026-06-23,Đỗ Văn Kiên,Ca Đêm,22:00:00,06:00:00
1854,2026-06-24,Hồ Thị Linh,Ca Sáng,07:45:00,16:02:00
1855,2026-06-25,Ngô Văn Minh,Ca Chiều,15:54:00,00:10:00
1856,2026-06-26,Dương Thị Nga,Ca Đêm,22:00:00,06:00:00
1857,2026-06-27,Lý Văn Oai,Ca Sáng,07:50:00,16:03:00
1858,2026-06-28,Mai Thị Phúc,Ca Chiều,15:57:00,00:15:00
1859,2026-06-29,Đoàn Văn Quân,Ca Đêm,22:00:00,06:00:00
1860,2026-05-31,Nguyễn Văn An,Ca Sáng,07:59:00,16:02:00
1861,2026-06-01,Trần Thị Bình,Ca Chiều,15:56:00,00:14:00
1862,2026-06-02,Lê Văn Cường,Ca Đêm,22:00:00,06:00:00
1863,2026-06-03,Phạm Thị Dung,Ca Sáng,07:49:00,16:08:00
1864,2026-06-04,Hoàng Văn Em,Ca Chiều,15:52:00,00:08:00
1865,2026-06-05,Vũ Thị Phương,Ca Đêm,22:00:00,06:00:00
1866,2026-06-06,Đặng Văn Hùng,Ca Sáng,07:56:00,16:00:00
1867,2026-06-07,Bùi Thị Hoa,Ca Chiều,15:50:00,00:00:00
1868,2026-06-08,Đỗ Văn Kiên,Ca Đêm,22:00:00,06:00:00
1869,2026-06-09,Hồ Thị Linh,Ca Sáng,07:46:00,16:06:00
1870,2026-06-10,Ngô Văn Minh,Ca Chiều,15:56:00,00:01:00
1871,2026-06-11,Dương Thị Nga,Ca Đêm,22:00:00,06:00:00
1872,2026-06-12,Lý Văn Oai,Ca Sáng,07:59:00,16:01:00
1873,2026-06-13,Mai Thị Phúc,Ca Chiều,15:51:00,00:14:00
1874,2026-06-14,Đoàn Văn Quân,Ca Đêm,22:00:00,06:00:00
1875,2026-06-15,Nguyễn Văn An,Ca Sáng,07:45:00,16:07:00
1876,2026-06-16,Trần Thị Bình,Ca Chiều,15:50:00,00:07:00
1877,2026-06-17,Lê Văn Cường,Ca Đêm,22:00:00,06:00:00
1878,2026-06-18,Phạm Thị Dung,Ca Sáng,07:51:00,16:05:00
1879,2026-06-19,Hoàng Văn Em,Ca Chiều,15:58:00,00:00:00
1880,2026-06-20,Vũ Thị Phương,Ca Đêm,22:00:00,06:00:00
1881,2026-06-21,Đặng Văn Hùng,Ca Sáng,07:55:00,16:04:00
1882,2026-06-22,Bùi Thị Hoa,Ca Chiều,15:50:00,00:04:00
1883,2026-06-23,Đỗ Văn Kiên,Ca Đêm,22:00:00,06:00:00
1884,2026-06-24,Hồ Thị Linh,Ca Sáng,07:46:00,16:10:00
1885,2026-06-25,Ngô Văn Minh,Ca Chiều,15:52:00,00:13:00
1886,2026-06-26,Dương Thị Nga,Ca Đêm,22:00:00,06:00:00
1887,2026-06-27,Lý Văn Oai,Ca Sáng,07:55:00,16:10:00
1888,2026-06-28,Mai Thị Phúc,Ca Chiều,15:59:00,00:11:00
1889,2026-06-29,Đoàn Văn Quân,Ca Đêm,22:00:00,06:00:00
1890,2026-05-31,Nguyễn Văn An,Ca Sáng,07:52:00,16:06:00
1891,2026-06-01,Trần Thị Bình,Ca Chiều,15:59:00,00:00:00
1892,2026-06-02,Lê Văn Cường,Ca Đêm,22:00:00,06:00:00
1893,2026-06-03,Phạm Thị Dung,Ca Sáng,07:57:00,16:05:00
1894,2026-06-04,Hoàng Văn Em,Ca Chiều,15:52:00,00:03:00
1895,2026-06-05,Vũ Thị Phương,Ca Đêm,22:00:00,06:00:00
1896,2026-06-06,Đặng Văn Hùng,Ca Sáng,07:51:00,16:08:00
1897,2026-06-07,Bùi Thị Hoa,Ca Chiều,15:56:00,00:03:00
1898,2026-06-08,Đỗ Văn Kiên,Ca Đêm,22:00:00,06:00:00
1899,2026-06-09,Hồ Thị Linh,Ca Sáng,07:48:00,16:10:00
1900,2026-06-10,Ngô Văn Minh,Ca Chiều,15:55:00,
1901,2026-06-11,Dương Thị Nga,Ca Đêm,22:00:00,06:00:00
1902,2026-06-12,Lý Văn Oai,Ca Sáng,07:53:00,16:01:00
1903,2026-06-13,Mai Thị Phúc,Ca Chiều,15:57:00,00:05:00
1904,2026-06-14,Đoàn Văn Quân,Ca Đêm,22:00:00,06:00:00
1905,2026-06-15,Nguyễn Văn An,Ca Sáng,07:59:00,16:06:00
1906,2026-06-16,Trần Thị Bình,Ca Chiều,15:58:00,00:05:00
1907,2026-06-17,Lê Văn Cường,Ca Đêm,22:00:00,06:00:00
1908,2026-06-18,Phạm Thị Dung,Ca Sáng,07:56:00,16:02:00
1909,2026-06-19,Hoàng Văn Em,Ca Chiều,15:57:00,00:00:00
1910,2026-06-20,Vũ Thị Phương,Ca Đêm,22:00:00,06:00:00
1911,2026-06-21,Đặng Văn Hùng,Ca Sáng,07:57:00,16:04:00
1912,2026-06-22,Bùi Thị Hoa,Ca Chiều,15:56:00,00:08:00
1913,2026-06-23,Đỗ Văn Kiên,Ca Đêm,22:00:00,06:00:00
1914,2026-06-24,Hồ Thị Linh,Ca Sáng,07:56:00,16:10:00
1915,2026-06-25,Ngô Văn Minh,Ca Chiều,15:55:00,00:10:00
1916,2026-06-26,Dương Thị Nga,Ca Đêm,22:00:00,06:00:00
1917,2026-06-27,Lý Văn Oai,Ca Sáng,07:51:00,16:08:00
1918,2026-06-28,Mai Thị Phúc,Ca Chiều,15:54:00,00:12:00
1919,2026-06-29,Đoàn Văn Quân,Ca Đêm,22:00:00,06:00:00
1920,2026-05-31,Nguyễn Văn An,Ca Sáng,07:57:00,16:03:00
1921,2026-06-01,Trần Thị Bình,Ca Chiều,15:56:00,00:13:00
1922,2026-06-02,Lê Văn Cường,Ca Đêm,22:00:00,06:00:00
1923,2026-06-03,Phạm Thị Dung,Ca Sáng,07:48:00,16:01:00
1924,2026-06-04,Hoàng Văn Em,Ca Chiều,15:52:00,00:05:00
1925,2026-06-05,Vũ Thị Phương,Ca Đêm,22:00:00,06:00:00
1926,2026-06-06,Đặng Văn Hùng,Ca Sáng,07:45:00,16:07:00
1927,2026-06-07,Bùi Thị Hoa,Ca Chiều,15:51:00,00:08:00
1928,2026-06-08,Đỗ Văn Kiên,Ca Đêm,22:00:00,06:00:00
1929,2026-06-09,Hồ Thị Linh,Ca Sáng,07:50:00,16:09:00
1930,2026-06-10,Ngô Văn Minh,Ca Chiều,15:59:00,00:10:00
1931,2026-06-11,Dương Thị Nga,Ca Đêm,22:00:00,06:00:00
1932,2026-06-12,Lý Văn Oai,Ca Sáng,07:50:00,16:00:00
1933,2026-06-13,Mai Thị Phúc,Ca Chiều,15:55:00,00:15:00
1934,2026-06-14,Đoàn Văn Quân,Ca Đêm,22:00:00,06:00:00
1935,2026-06-15,Nguyễn Văn An,Ca Sáng,07:52:00,16:05:00
1936,2026-06-16,Trần Thị Bình,Ca Chiều,15:52:00,00:00:00
1937,2026-06-17,Lê Văn Cường,Ca Đêm,22:00:00,06:00:00
1938,2026-06-18,Phạm Thị Dung,Ca Sáng,07:56:00,16:09:00
1939,2026-06-19,Hoàng Văn Em,Ca Chiều,15:56:00,00:02:00
1940,2026-06-20,Vũ Thị Phương,Ca Đêm,22:00:00,06:00:00
1941,2026-06-21,Đặng Văn Hùng,Ca Sáng,07:55:00,16:08:00
1942,2026-06-22,Bùi Thị Hoa,Ca Chiều,15:59:00,00:03:00
1943,2026-06-23,Đỗ Văn Kiên,Ca Đêm,22:00:00,06:00:00
1944,2026-06-24,Hồ Thị Linh,Ca Sáng,07:57:00,16:01:00
1945,2026-06-25,Ngô Văn Minh,Ca Chiều,15:50:00,00:03:00
1946,2026-06-26,Dương Thị Nga,Ca Đêm,22:00:00,06:00:00
1947,2026-06-27,Lý Văn Oai,Ca Sáng,07:54:00,16:01:00
1948,2026-06-28,Mai Thị Phúc,Ca Chiều,15:57:00,00:08:00
1949,2026-06-29,Đoàn Văn Quân,Ca Đêm,22:00:00,06:00:00
1950,2026-05-31,Nguyễn Văn An,Ca Sáng,07:58:00,
1951,2026-06-01,Trần Thị Bình,Ca Chiều,15:55:00,00:08:00
1952,2026-06-02,Lê Văn Cường,Ca Đêm,22:00:00,06:00:00
1953,2026-06-03,Phạm Thị Dung,Ca Sáng,07:53:00,16:09:00
1954,2026-06-04,Hoàng Văn Em,Ca Chiều,15:52:00,00:03:00
1955,2026-06-05,Vũ Thị Phương,Ca Đêm,22:00:00,06:00:00
1956,2026-06-06,Đặng Văn Hùng,Ca Sáng,07:51:00,16:07:00
1957,2026-06-07,Bùi Thị Hoa,Ca Chiều,15:55:00,00:10:00
1958,2026-06-08,Đỗ Văn Kiên,Ca Đêm,22:00:00,06:00:00
1959,2026-06-09,Hồ Thị Linh,Ca Sáng,07:47:00,16:09:00
1960,2026-06-10,Ngô Văn Minh,Ca Chiều,15:59:00,00:09:00
1961,2026-06-11,Dương Thị Nga,Ca Đêm,22:00:00,06:00:00
1962,2026-06-12,Lý Văn Oai,Ca Sáng,07:50:00,16:03:00
1963,2026-06-13,Mai Thị Phúc,Ca Chiều,15:58:00,00:03:00
1964,2026-06-14,Đoàn Văn Quân,Ca Đêm,22:00:00,06:00:00
1965,2026-06-15,Nguyễn Văn An,Ca Sáng,07:46:00,16:02:00
1966,2026-06-16,Trần Thị Bình,Ca Chiều,15:57:00,00:05:00
1967,2026-06-17,Lê Văn Cường,Ca Đêm,22:00:00,06:00:00
1968,2026-06-18,Phạm Thị Dung,Ca Sáng,07:57:00,16:02:00
1969,2026-06-19,Hoàng Văn Em,Ca Chiều,15:55:00,00:12:00
1970,2026-06-20,Vũ Thị Phương,Ca Đêm,22:00:00,06:00:00
1971,2026-06-21,Đặng Văn Hùng,Ca Sáng,07:45:00,16:10:00
1972,2026-06-22,Bùi Thị Hoa,Ca Chiều,15:58:00,00:07:00
1973,2026-06-23,Đỗ Văn Kiên,Ca Đêm,22:00:00,06:00:00
1974,2026-06-24,Hồ Thị Linh,Ca Sáng,07:50:00,16:04:00
1975,2026-06-25,Ngô Văn Minh,Ca Chiều,15:51:00,00:10:00
1976,2026-06-26,Dương Thị Nga,Ca Đêm,22:00:00,06:00:00
1977,2026-06-27,Lý Văn Oai,Ca Sáng,07:59:00,16:10:00
1978,2026-06-28,Mai Thị Phúc,Ca Chiều,15:59:00,00:01:00
1979,2026-06-29,Đoàn Văn Quân,Ca Đêm,22:00:00,06:00:00
1980,2026-05-31,Nguyễn Văn An,Ca Sáng,07:49:00,16:06:00
1981,2026-06-01,Trần Thị Bình,Ca Chiều,15:56:00,00:07:00
1982,2026-06-02,Lê Văn Cường,Ca Đêm,22:00:00,06:00:00
1983,2026-06-03,Phạm Thị Dung,Ca Sáng,07:57:00,16:08:00
1984,2026-06-04,Hoàng Văn Em,Ca Chiều,15:51:00,00:12:00
1985,2026-06-05,Vũ Thị Phương,Ca Đêm,22:00:00,06:00:00
1986,2026-06-06,Đặng Văn Hùng,Ca Sáng,07:46:00,16:08:00
1987,2026-06-07,Bùi Thị Hoa,Ca Chiều,15:54:00,00:00:00
1988,2026-06-08,Đỗ Văn Kiên,Ca Đêm,22:00:00,06:00:00
1989,2026-06-09,Hồ Thị Linh,Ca Sáng,07:55:00,16:09:00
1990,2026-06-10,Ngô Văn Minh,Ca Chiều,15:58:00,00:03:00
1991,2026-06-11,Dương Thị Nga,Ca Đêm,22:00:00,06:00:00
1992,2026-06-12,Lý Văn Oai,Ca Sáng,07:56:00,16:03:00
1993,2026-06-13,Mai Thị Phúc,Ca Chiều,15:58:00,00:05:00
1994,2026-06-14,Đoàn Văn Quân,Ca Đêm,22:00:00,06:00:00
1995,2026-06-15,Nguyễn Văn An,Ca Sáng,07:55:00,16:06:00
1996,2026-06-16,Trần Thị Bình,Ca Chiều,15:52:00,00:07:00
1997,2026-06-17,Lê Văn Cường,Ca Đêm,22:00:00,06:00:00
1998,2026-06-18,Phạm Thị Dung,Ca Sáng,07:52:00,16:02:00
1999,2026-06-19,Hoàng Văn Em,Ca Chiều,15:52:00,00:14:00
2000,2026-06-20,Vũ Thị Phương,Ca Đêm,22:00:00,
2001,2026-06-21,Đặng Văn Hùng,Ca Sáng,07:53:00,16:07:00
2002,2026-06-22,Bùi Thị Hoa,Ca Chiều,15:53:00,00:05:00
2003,2026-06-23,Đỗ Văn Kiên,Ca Đêm,22:00:00,06:00:00
2004,2026-06-24,Hồ Thị Linh,Ca Sáng,07:57:00,16:08:00
2005,2026-06-25,Ngô Văn Minh,Ca Chiều,15:56:00,00:13:00
2006,2026-06-26,Dương Thị Nga,Ca Đêm,22:00:00,06:00:00
2007,2026-06-27,Lý Văn Oai,Ca Sáng,07:54:00,16:05:00
2008,2026-06-28,Mai Thị Phúc,Ca Chiều,15:57:00,00:15:00
2009,2026-06-29,Đoàn Văn Quân,Ca Đêm,22:00:00,06:00:00
2010,2026-05-31,Nguyễn Văn An,Ca Sáng,07:55:00,16:06:00
2011,2026-06-01,Trần Thị Bình,Ca Chiều,15:53:00,00:14:00
2012,2026-06-02,Lê Văn Cường,Ca Đêm,22:00:00,06:00:00
2013,2026-06-03,Phạm Thị Dung,Ca Sáng,07:59:00,16:00:00
2014,2026-06-04,Hoàng Văn Em,Ca Chiều,15:50:00,00:09:00
2015,2026-06-05,Vũ Thị Phương,Ca Đêm,22:00:00,06:00:00
2016,2026-06-06,Đặng Văn Hùng,Ca Sáng,07:55:00,16:02:00
2017,2026-06-07,Bùi Thị Hoa,Ca Chiều,15:59:00,00:14:00
2018,2026-06-08,Đỗ Văn Kiên,Ca Đêm,22:00:00,06:00:00
2019,2026-06-09,Hồ Thị Linh,Ca Sáng,07:47:00,16:09:00
2020,2026-06-10,Ngô Văn Minh,Ca Chiều,15:51:00,00:10:00
2021,2026-06-11,Dương Thị Nga,Ca Đêm,22:00:00,06:00:00
2022,2026-06-12,Lý Văn Oai,Ca Sáng,07:57:00,16:00:00
2023,2026-06-13,Mai Thị Phúc,Ca Chiều,15:56:00,00:06:00
2024,2026-06-14,Đoàn Văn Quân,Ca Đêm,22:00:00,06:00:00
2025,2026-06-15,Nguyễn Văn An,Ca Sáng,07:49:00,16:02:00
2026,2026-06-16,Trần Thị Bình,Ca Chiều,15:50:00,00:00:00
2027,2026-06-17,Lê Văn Cường,Ca Đêm,22:00:00,06:00:00
2028,2026-06-18,Phạm Thị Dung,Ca Sáng,07:58:00,16:09:00
2029,2026-06-19,Hoàng Văn Em,Ca Chiều,15:56:00,00:03:00
2030,2026-06-20,Vũ Thị Phương,Ca Đêm,22:00:00,06:00:00
2031,2026-06-21,Đặng Văn Hùng,Ca Sáng,07:45:00,16:03:00
2032,2026-06-22,Bùi Thị Hoa,Ca Chiều,15:59:00,00:01:00
2033,2026-06-23,Đỗ Văn Kiên,Ca Đêm,22:00:00,06:00:00
2034,2026-06-24,Hồ Thị Linh,Ca Sáng,07:50:00,16:02:00
2035,2026-06-25,Ngô Văn Minh,Ca Chiều,15:55:00,00:02:00
2036,2026-06-26,Dương Thị Nga,Ca Đêm,22:00:00,06:00:00
2037,2026-06-27,Lý Văn Oai,Ca Sáng,07:52:00,16:09:00
2038,2026-06-28,Mai Thị Phúc,Ca Chiều,15:59:00,00:13:00
2039,2026-06-29,Đoàn Văn Quân,Ca Đêm,22:00:00,06:00:00
2040,2026-05-31,Nguyễn Văn An,Ca Sáng,07:56:00,16:03:00
2041,2026-06-01,Trần Thị Bình,Ca Chiều,15:59:00,00:06:00
2042,2026-06-02,Lê Văn Cường,Ca Đêm,22:00:00,06:00:00
2043,2026-06-03,Phạm Thị Dung,Ca Sáng,07:51:00,16:09:00
2044,2026-06-04,Hoàng Văn Em,Ca Chiều,15:53:00,00:01:00
2045,2026-06-05,Vũ Thị Phương,Ca Đêm,22:00:00,06:00:00
2046,2026-06-06,Đặng Văn Hùng,Ca Sáng,07:52:00,16:06:00
2047,2026-06-07,Bùi Thị Hoa,Ca Chiều,15:57:00,00:02:00
2048,2026-06-08,Đỗ Văn Kiên,Ca Đêm,22:00:00,06:00:00
2049,2026-06-09,Hồ Thị Linh,Ca Sáng,07:57:00,16:06:00
2050,2026-06-10,Ngô Văn Minh,Ca Chiều,15:51:00,